Datum , Venue , Event_Name , Event_Typ , Bezirk ,Kuenstler:innen, Veranstalter ,Verein, Foerderung_ref , Quelle
2022-01-14,Alte Schmiede,"Areal, Filip, Malfatti",Konzert,1,"Gabriela Areal | Klaus Filip |
Radu Malfatti",Alte Schmiede,Kunstverein Wien Alte Schmiede,MA7,https://klingt.org/gro.tgnilk/events/12683/index.html?sid=14298401013344652
2022-01-15,echoraum,Anna Koch: BASSticcio,Konzert,15,Anna Koch | Petra Stump | Hunter Long | Bruno Liberda | Ken Thomson,echoraum,Verein echoraum,MA7 | BMKöS | SKE,https://klingt.org/gro.tgnilk/events/12661/index.html?sid=14298401013344652
2022-01-18,echoraum,Vernissage Anat Stainberg: An everlasting performance,Vernissage,15,Vinicius Cajado | Anna Anderluh | Stephanie Cumming | Artu Palmio | Andreas Joska | Daniel Biegger,echoraum,Verein echoraum,MA7 | BMKöS | SKE,https://klingt.org/gro.tgnilk/events/12665/index.html?sid=14298401013344652
2022-01-19,Ateliertheater,derbloededrittemittwoch#114,Konzert/Performance | Konzertreihe,7,Elise Mori | Sara Zlanabitnig | Charlotta Ruth | Singer Zangerle | Matze,klingt.org,Verein für Kunstvermischung,MA7 | BMKöS | SKE ,https://klingt.org/gro.tgnilk/events/12640/index.html?sid=14298401013344652
2022-01-19,Bezirksmuseum Leopoldstadt,Weiping Lin Solo ,Konzert,2,Weiping Lin,Apostroph IGNM,IGNM – Internationale Gesellschaft für Neue Musik Österreich,MA7 | BMKöS | SKE | AKM | Bezirkskultur Leopoldstadt (2. Bezirk),https://klingt.org/gro.tgnilk/events/12674/index.html?sid=14298401013344652
2022-01-20,Odeon Theater,22 Jahre loewenhertz labelnights,Konzertreihe,2,ensemblehertz | Thomas Berghammer | LSZ | Hannes Löschel | Paul Skrepek | Martin Zrost | BZSS | Oliver Steger | Fellowsoph,Loewenhertz,[nicht dokumentiert],MA7 | SKE,https://klingt.org/gro.tgnilk/events/12688/index.html?sid=14298401013344652
2022-01-21,AIL,(live stream) SOUNDS OF THE LIVING: Angelica Castello / Christian Schröder,Konzert/Performance | Konzertreihe,1,Angelica Castello | Christian Schröder ,Angewandte Innovation Lab,Universität für angewandte Kunst Wien,Universität für angewandte Kunst Wien (BMBWF),https://klingt.org/gro.tgnilk/events/12556/index.html?sid=14298401013344652
2022-01-21,Odeon Theater (Im Spitzer),22 Jahre loewenhertz labelnights,Konzertreihe,2,Elisabeth Flunger | Schall und Schein | Josef Novotny | Tonhammer | Burkhard Stangl,Loewenhertz,[nicht dokumentiert],MA7 | SKE,https://klingt.org/gro.tgnilk/events/12688/index.html?sid=14298401013344652
2022-01-22,Odeon Theater,22 Jahre loewenhertz labelnights,Konzertreihe,2,Sylvie Lacroix | Alexander Stankovski | Wolfgang Vinzenz Wizlsperger | Martina Zinner | Paul Skrepek | Hannes Löschel | Franz Hautzinger | Attensam Quartett | Annette Bik | Gunde Jäch | Ingrid Eder | Michael Öttl,Loewenhertz,–,MA7 | SKE,https://klingt.org/gro.tgnilk/events/12688/index.html?sid=14298401013344652
2022-01-25,Westbahnstudios,20h studio session #0,Konzert,7,Theresa Dinkhauser | Damaris Richerts | Daniel Riegler | Raphael Meinhart | Sophia Goidinger-Koch | Veronika Mayer | Werner Angerer,Studio Dan | Westbahnstudios,Verein echoraum,MA7 |BMKöS | SKE,https://klingt.org/gro.tgnilk/events/12687/index.html?sid=14298401013344652
2022-01-26,Echoraum,XX Y X: Rdeca Raketa + Patrick K-H,Konzert,15,Rdeca Raketa | Patrick K-H,RDEČA RAKETA | Echoraum,Verein echoraum,MA7 | BMKöS | SKE,https://klingt.org/gro.tgnilk/events/12667/index.html?sid=14298401013344652
2022-01-28,Echoraum,Fluctuations & Josef Ka,Konzert,15,Michael Fischer | Franciszek Araszkiewicz | Josef Ka,echoraum,Verein echoraum,MA7 | BMKöS | SKE,https://klingt.org/gro.tgnilk/events/12668/index.html?sid=14298401013344652
2022-01-28,Anitta-Müller-Cohen-Platz,TONSPUR festival – Streamers: a COVID Sculpture / Burkhard Stangl solo,Performance/Outdoor,2,Burkhard Stangl|Benoît Maubrey,TONSPUR Kunstverein Wien,TONSPUR Kunstverein Wien,MA7 | BMKöS | WKO | Q21/MQ,https://klingt.org/gro.tgnilk/events/12692/index.html?sid=14298401013344652
2022-01-28,Studio Eberhard,On the Couch #66 - Berndt Thurner,Konzert,3,SteaBerndt Thurner | Stewart Saunders Smith,KulturvereinOn the Couch – zur Förderung von Kunst und Kultur in der Gesellschaft.,Kulturverein On the Couch – zur Förderung von Kunst und Kultur in der Gesellschaft,MA7 |BMKöS | SKE,https://klingt.org/gro.tgnilk/locations/2533/index.html?sid=14298401013344652
2022-01-30,online Echoraeume,Plateau Partagee #2: lost & found,Konzertreihe,–,Ebrahim Amini | Helal Kashefi | Luc Gut | Philipp Ramspeck | Martin Fritz | Alexander Iwanov | Jana Kilbertus | Charlotte Le May | Johnny Mhanna | Martina Stapf | Verena Schneider,Freifall ONLINE ,Verein Freifall,[nicht verifizierbar - vor IFG],https://klingt.org/gro.tgnilk/events/12698/index.html?sid=14298401013344652
2022-01-31,online Echoraeume,Plateau Partagee #2: lost & found,Konzertreihe,–,Ebrahim Amini | Helal Kashefi | Luc Gut | Philipp Ramspeck | Martin Fritz | Alexander Iwanov | Jana Kilbertus | Charlotte Le May | Johnny Mhanna | Martina Stapf | Verena Schneider,Freifall ONLINE ,Verein Freifall,[nicht verifizierbar - vor IFG],https://klingt.org/gro.tgnilk/events/12699/index.html?sid=14298401013344652
2022-02-02,[nicht dokumentiert],Räume für Notizen // nach Ulysses,Konzert,–,keine Info,Echoraume,Verein zur Förderung virtueller und hybirder Kunstformen,MA7 | BMKöS,https://klingt.org/gro.tgnilk/events/12638/index.html?sid=14298401013344652
2022-02-02,Echoraum,Finissage Anat Stainberg: An everlasting performance,Finissage/Performance,15,Anat Stainberg,echoraum,Verein echoraum,MA7 | BMKöS | SKE,https://klingt.org/gro.tgnilk/events/12670/index.html?sid=14298401013344652
2022-02-02,Studio Eberhard,On the Couch #67 - Trio Affogato,Konzert,3,Trio Affogato,Studio Eberhard,Kulturverein On the Couch – zur Förderung von Kunst und Kultur in der Gesellschaft,MA7 | BMKöS | Bezirk Landstrasse (3. Bezirk),https://klingt.org/gro.tgnilk/events/12708/index.html?sid=14298401013344652
2022-02-02,Porgy & Bess,Anthropods,Konzert,1,Mark Holub | Clemens Sainitzer | Irene Kepl | Susanna Gartmayer | Jakob Gnigler,Porgy & Bess,Verein: Jazz & Musicclub Porgy & Bess,MA7 | BMKöS ,https://klingt.org/gro.tgnilk/events/12709/index.html?sid=14298401013344652
2022-02-11,Alte Schmiede,Hammer im Staub - Berkson/Bruckmayr/Fuchs/Schiller,Konzert,1,Judith Berkson | Didi Bruckmayr | Wolfgang Fuchs,Alte Schmiede,Kunstverein Wien Alte Schmiede,MA7,https://klingt.org/gro.tgnilk/events/12719/index.html?sid=14298401013344652
2022-02-23,Porgy & Bess,So Sner - REIME Plattenpräsentation,Konzert,1,Susanna Gartmayer | Stefan Schneider,Porgy & Bess,Verein: Jazz & Musicclub Porgy & Bess,MA7,https://klingt.org/gro.tgnilk/events/12718/index.html?sid=14298401013344652
2022-03-01,Westbahnstudios,Studio Session #1 - Studio Dan,Konzert,7,Studio Dan | Damaris Richerts | Domnik Fuss | Werner Angerer,Westbahnstudios,Studio Dan,MA7,https://klingt.org/gro.tgnilk/events/12722/index.html?sid=14298401013344652
2022-03-03,Porgy & Bess,For Poets & Writers - Monumentum Marina Zwetajewa,Konzertreihe,1,Angelica Castello | Tobias Leibetseder | Renald Deppe | Anna Hauf,Porgy & Bess,Verein: Jazz & Musicclub Porgy & Bess,MA7,https://klingt.org/gro.tgnilk/events/12748/index.html?sid=14298401013344652
2022-03-04,Porgy & Bess,For Poets & Writers - Monumentum Agnes Heller,Konzertreihe,1,Judith Ferstl | Tobias Leibetseder | Renald Deppe | Ulla Pilz,Porgy & Bess,Verein: Jazz & Musicclub Porgy & Bess,MA7,https://klingt.org/gro.tgnilk/events/12749/index.html?sid=14298401013344652
2022-03-06,Porgy & Bess,For Poets & Writers - In memoriam Wislawa Szymborska,Konzertreihe,1,Isabella Forciniti | Tobias Leibetseder | Renald Deppe | Johanna von der Deken,Porgy & Bess,Verein: Jazz & Musicclub Porgy & Bess,MA7,https://klingt.org/gro.tgnilk/events/12750/index.html?sid=14298401013344652
2022-03-09,Alte Schmiede,Zimt - CD Presentation,Konzert,1,Angelica Castello | Barbara Romen | Kai Fagaschinski | Burkhard Stangl | Gunter Schneider,Alte Schmiede,Kunstverein Wien Alte Schmiede,MA7,https://klingt.org/gro.tgnilk/events/12671/index.html?sid=14298401013344652
2022-03-10,Alte Schmiede,Auf der Welle von Frau Stohr,Performance,1,Lisa Spalt | Sabine Marte | Oliver Stotz,Alte Schmiede,Kunstverein Wien Alte Schmiede,MA7,https://klingt.org/gro.tgnilk/events/12759/index.html?sid=14298401013344652
2022-03-14,Celeste,Monday Improvisers Session,Konzertreihe,5,Didi Kern | Laura Pudelek,Celeste,Verein für experimentelle improvisierte Musik ,MA7 | BMKöS | SKE,https://klingt.org/gro.tgnilk/events/12763/index.html?sid=14298401013344652
2022-03-16,Replugged,10 Jahre Bloeder 3. Mittwoch,Konzertreihe,7,Tim Shaw | dieb13 | Katharina Ernst | Doris Uhlich | Bernhard Breuer | Ralf Tronstoner | Christoph Kurzmann,Replugged,Verein für Kunstvermischung,MA7 | BMKöS | SKE,https://klingt.org/gro.tgnilk/events/12762/index.html?sid=14298401013344652
2022-03-18,Setzkasten Wien,Kastenkonzert #37,Konzertreihe,17,Ferro Taylor | Julie C. Stamm | Fließgewässer | Lukas Kannemann,Setzkasten Wien,"Setzkasten, Verein und Werkstatt zur Förderung intermedialer Kunst",MA7 | BMKöS | SKE,https://klingt.org/gro.tgnilk/events/12791/index.html?sid=14298401013344652
2022-03-21,Celeste,Monday Improvisers Session,Konzertreihe,5,Thomas Berghammer | Phillip Quehenberger | Nik Hummer,Celeste,Verein für experimentelle improvisierte Musik ,MA7,https://klingt.org/gro.tgnilk/events/12764/index.html?sid=14298401013344652
2022-03-24,Replugged,Quehenberger-Kern - Uz Jsme Doma - Fil OK,Konzert,7,Quehenberger | Didi Kern | Uz Jsme Doma,liccht,liccht Verein für Nischenmusik und Populärkultur,MA7 | SKE,https://klingt.org/gro.tgnilk/events/12828/index.html?sid=14298401013344652
2022-03-25,Porgy & Bess,Charhizma presents - KONK PACK,Konzert,1,Tim Hodgkinson | Roger Turner | Thomas Lehn,Porgy & Bess,Verein: Jazz & Musicclub Porgy & Bess,MA7,https://klingt.org/gro.tgnilk/events/12788/index.html?sid=14298401013344652
2022-03-25,Echoraum,Schmoliner-Breuer - Harnik-Kern,Konzert,15,Ingrid Schmoliner | Bernhard Breuer | Elisabeth Harnik | Didi Kern,Echoraum,liccht Verein für Nischenmusik und Populärkultur,MA7 ,https://klingt.org/gro.tgnilk/events/12830/index.html?sid=14298401013344652
2022-03-27,Kulturcafé Max,KNH-Sonntagskind23 - Alex Miksch + Band,Konzert,17,Alex Miksch | Anna Anderluh | Philipp Moosbrugger | Andreas Hellweger,Kulturnetz Hernals,Verein echoraum,MA7 | BMKöS | SKE,https://klingt.org/gro.tgnilk/events/12802/index.html?sid=14298401013344652
2022-03-27,Anitta-Müller-Cohen-Platz,STREAMERS Festival - Martin Siewert - Maja Osojnik,Festival,2,Martin Siewert | Maja Osojnik,Tonspur Festival,TONSPUR Kunstverein Wien,MA7 | BMKöS,https://klingt.org/gro.tgnilk/events/12843/index.html?sid=14298401013344652
2022-03-28,Rhiz,Klara Lewis - Fru Fru - Subletvis,Konzert,8,Klara Lewis | Maja Osojnik | Angelica Castello,Rhiz,KÖR Wien / Kunst im öffentlichen Raum Wien*,MA7 | BMKöS | KÖR,https://klingt.org/gro.tgnilk/events/12677/index.html?sid=14298401013344652
2022-03-28,Celeste,Monday Improvisers Session,Konzertreihe,5,Susanna Gartmayer | Jake Mann | Martin Burk | Markus Schneider,Celeste,Verein für experimentelle improvisierte Musik ,MA7,https://klingt.org/gro.tgnilk/events/12765/index.html?sid=14298401013344652
2022-03-31,Westbahnstudios,Studio Session #2 - Studio Dan plays Pauline Oliveros,Konzert,7,Studio Dan,Westbahnstudios,Studio Dan,MA7 |BMKöS | SKE,https://klingt.org/gro.tgnilk/events/12787/index.html?sid=14298401013344652
2022-04-01,Echoraum,FÄNGE - simulacrumbs modulated,Konzert,15,Daniel Lercher | David Schweighart | Vinzenz Schwab | Klemens Kohlweis | Andreas Zißler,Echoraum,Verein echoraum,MA7 | BMKöS,https://klingt.org/gro.tgnilk/events/12844/index.html?sid=14298401013344652
2022-04-04,Celeste,Monday Improvisers Session,Konzertreihe,5,Susanna Gartmayer | Violeta Garcia | Javier Areal Vélez,Celeste,Verein für experimentelle improvisierte Musik ,MA7 | BMKöS | SKE,https://klingt.org/gro.tgnilk/events/12795/index.html?sid=14298401013344652
2022-04-06,Porgy & Bess,Kern - Holub - Fischerlehner - 3 Drum Solos,Konzert,1,Didi Kern | Mark Holub | Rudi Fischerlehner,Porgy & Bess,Verein echoraum,MA7 | BMKöS | SKE,https://klingt.org/gro.tgnilk/events/12766/index.html?sid=14298401013344652
2022-04-07,Celeste,FMF presents - Thieke & Göregen,Konzertreihe,5,Michael Thieke | Hogir Göregen | Christoph Kurzmann,Free Music Forum,Kulturverein free music forum,MA7 |BMKöS | SKE,https://klingt.org/gro.tgnilk/events/12848/index.html?sid=14298401013344652
2022-04-08,Rote Bar im Volkstheater,DISHES,Club,7,Alpha Maid | Pope Sangreta | 3C 273 | Susanna Gartmayer | Toxe | Kim Leclerc | Olmatri,DISHES,Verein: Jazz & Musicclub Porgy & Bess,MA7,https://klingt.org/gro.tgnilk/events/12801/index.html?sid=14298401013344652
2022-04-10,Tonspur Festival - Anitta-Müller-Cohen-Platz,STREAMERS - Bertoncini-Lehn & Wolfgang Mitterer,Festival,2,Tiziana Bertoncini | Thomas Lehn | Wolfgang Mitterer,Tonspur Festival,TONSPUR Kunstverein Wien,MA7 | BMKöS,https://klingt.org/gro.tgnilk/events/12879/index.html?sid=14298401013344652
2022-04-11,Celeste,Monday Improvisers Session,Konzertreihe,5,Thomas Berghammer | Thomas Lehn | Tiziana Bertoncini,Celeste,Verein für experimentelle improvisierte Musik ,MA7,https://klingt.org/gro.tgnilk/events/12796/index.html?sid=14298401013344652
2022-04-13,Akademie der Bildenden Künste Wien,Cauliflower Sound Festival - Tag 1,Festival,6,Angela Lau | Kisling | Mad Lane | Nana Dahlin,Cauliflower Power Sound Festival,The Acousmatic Project – Verein zur Förderung Akusmatischer Musik,BMKöS ,https://klingt.org/gro.tgnilk/events/12875/index.html?sid=14298401013344652
2022-04-14,Akademie der Bildenden Künste Wien,Cauliflower Sound Festival - Tag 2,Festival,6,Vinzenz Schwab | Frederic Stritter | Nina Bauer | Thomas Gorbach | Gischt,Cauliflower Power Sound Festival,The Acousmatic Project – Verein zur Förderung Akusmatischer Musik,BMKöS ,https://klingt.org/gro.tgnilk/events/12874/index.html?sid=14298401013344652
2022-04-15,Akademie der Bildenden Künste Wien,Cauliflower Sound Festival - Tag 3,Festival,6,Rdeca Raketa | Patrick K-H | Paul Gründorfer | Eduardo Triviño Cely | Milena Georgieva,Cauliflower Power Sound Festival,The Acousmatic Project – Verein zur Förderung Akusmatischer Musik,BMKöS ,https://klingt.org/gro.tgnilk/events/12871/index.html?sid=14298401013344652
2022-04-18,Celeste,Monday Improvisers Session,Konzertreihe,5,Susanna Gartmayer | Philipp Kienberger | Patrick Lechner | Niki Dolp,Celeste,Verein für experimentelle improvisierte Musik ,MA7,https://klingt.org/gro.tgnilk/events/12797/index.html?sid=14298401013344652
2022-04-20,Künstlerhaus,Der Blöde Dritte Mittwoch #117,Konzertreihe,1,Lan Sticker | Robert Prosser | The New Constellation | NicoNote | WANG Inc.,Der Blöde Dritte Mittwoch,Verein für Kunstvermischung,BMKöS ,https://klingt.org/gro.tgnilk/events/12870/index.html?sid=14298401013344652
2022-04-21,Celeste,FMF presents - Jasna Jovićević & Annette Giesriegl,Konzertreihe,5,Jasna Jovićević | Annette Giesriegl | Didi Kern,Free Music Forum,Kulturverein free music forum,MA7 | BMKöS,https://klingt.org/gro.tgnilk/events/12888/index.html?sid=14298401013344652
2022-04-22,Studio Eberhard,On the Couch #66 - Eberhard-Gross-Owczarek,Konzertreihe,3,Paulina Owczarek | Igor Gross | Alexander J. Eberhard,Studio Eberhard,Kulturverein On the Couch – zur Förderung von Kunst und Kultur in der Gesellschaft,MA7 |BMKöS | SKE,https://klingt.org/gro.tgnilk/events/12899/index.html?sid=14298401013344652
2022-04-24,St. Ruprecht,Antonietta Loffredo - Toy Piano,Konzert,1,Antonietta Loffredo,Neue Musik St. Ruprecht,[nicht dokumentiert],[nicht dokumentiert],https://klingt.org/gro.tgnilk/events/12647/index.html?sid=14298401013344652
2022-04-24,Kulturcafé Max,KNH-Sonntagskind24 - Gruber,Konzertreihe,17,Gruber,Kulturnetz Hernals,KULTURVEREIN SHIZZLE,[nicht verifizierbar - vor IFG],https://klingt.org/gro.tgnilk/events/12803/index.html?sid=14298401013344652
2022-04-25,Celeste,Monday Improvisers Session,Konzertreihe,5,Didi Kern,Celeste,Verein für experimentelle improvisierte Musik ,MA7,https://klingt.org/gro.tgnilk/events/12800/index.html?sid=14298401013344652
2022-04-25,Kulturcafé Max,KNH-Darkroom9,Konzert/Experiment,17,Helmut Jasbar | Matthias Schinnerl,Kulturnetz Hernals,KULTURVEREIN SHIZZLE,[nicht verifizierbar - vor IFG],https://klingt.org/gro.tgnilk/events/12805/index.html?sid=14298401013344652
2022-04-29,Alte Schmiede,Bertoncini - Gnigler - Lebrat,Konzert,1,Tiziana Bertoncini | Jakob Gnigler | Soizic Lebrat,Alte Schmiede,Kunstverein Wien Alte Schmiede,MA7,https://klingt.org/gro.tgnilk/events/12914/index.html?sid=14298401013344652
2022-04-30,Flucc,Stefan Geissler Trio - 20 Jahre Fluc,Konzert,2,Stefan Geissler | Katharina Klein | Philipp Wesener,Flucc,Verein Kulturzentrum FLUCC,MA7,https://klingt.org/gro.tgnilk/events/12910/index.html?sid=14298401013344652
2022-04-30,Echoraum,Salongarnison7 - Judith Unterpertinger,Konzertreihe,15,Judith Unterpertinger,Echoraum,Verein echoraum,MA7 | BMKöS | SKE,https://klingt.org/gro.tgnilk/events/12925/index.html?sid=14298401013344652
2022-04-30,Sargfabrik,JSB Trio,Konzert,14,Jürgen Berlakovich | Stefan Voglsinger,Sargfabrik,Verein für Integrative Lebensgestaltung,MA7 | BMKöS | SKE | Bezirk Penzing (14. Bezirk) |AKM,https://klingt.org/gro.tgnilk/events/12926/index.html?sid=14298401013344652
2022-05-01,St. Ruprecht,AiR - Artists in Residence - Duo Ar,Konzert,1,[nicht dokumentiert],Neue Musik St. Ruprecht,Kunstverein Wien Alte Schmiede,MA7 (MA7),https://klingt.org/gro.tgnilk/events/12648/index.html?sid=14298401013344652
2022-05-01,Tonspur Festival - Anitta-Müller-Cohen-Platz,Castelló - Stangl - Fennesz - Kutin,Festival,2,Angelica Castello | Burkhard Stangl | Peter Kutin | Christian Fennesz,Tonspur Festival,TONSPUR Kunstverein Wien,MA7 | BMKöS,https://klingt.org/gro.tgnilk/events/12849/index.html?sid=14298401013344652
2022-05-02,Celeste,Monday Improvisers Session,Konzertreihe,5,Susanna Gartmayer | Florent Dupuit | Jake Mann,Celeste,Verein für experimentelle improvisierte Musik ,MA7 | BMKöS | SKE,https://klingt.org/gro.tgnilk/events/12890/index.html?sid=14298401013344652
2022-05-03,Echoraum,XX Y X - soundsongnoisesilence,Konzert/Screening,15,Karø Goldt | Annja Krautgasser | Tatiana Lecomte | Michaela Schwentner | Yasmina Haddad | Andrea Lumplecker,Echoraum,Verein echoraum,MA7 | BMKöS | SKE,https://klingt.org/gro.tgnilk/events/12932/index.html?sid=14298401013344652
2022-05-05,Celeste,FMF presents - obdo - Blondy & Lehn,Konzertreihe,5,Frédéric Blondy | Thomas Lehn | Martin Siewert,Free Music Forum,Kulturverein free music forum,MA7 | BMKöS,https://klingt.org/gro.tgnilk/events/12889/index.html?sid=14298401013344652
2022-05-06,Salon Garnison,Katharina Klement solo - Spiegel,Konzert,17,Katharina Klement,Salon Garnison,[nicht dokumentiert],[nicht dokumentiert],https://klingt.org/gro.tgnilk/events/12927/index.html?sid=14298401013344652
2022-05-08,Porgy & Bess,Elisabeth Harnik Earscratcher,Konzert,1,Elisabeth Harnik | Dave Rempis | Fred Lonberg-Holm | Tim Daisy,charhizma,Verein: Jazz & Musicclub Porgy & Bess,MA7,https://klingt.org/gro.tgnilk/events/12814/index.html?sid=14298401013344652
2022-05-09,Celeste,Monday Improvisers Session,Konzertreihe,5,Didi Kern | Tahereh Nourani | Yoram Rosilio,Celeste,Verein für experimentelle improvisierte Musik ,MA7 | BMKöS | SKE,https://klingt.org/gro.tgnilk/events/12891/index.html?sid=14298401013344652
2022-05-10,Instituto Cervantes Wien,SUENA Festival - Ensemble N,Festival,1,Audrey G. Perreault | Anna Koch | Luca Lavuri | Jon Svinghammar,SUENA Festival,"SUENA - Verein zur Förderung und Verbreitung neuer Musik, Wien",MA7 | BMKöS | SKE,https://klingt.org/gro.tgnilk/events/12956/index.html?sid=14298401013344652
2022-05-11,Instituto Cervantes Wien,SUENA Festival - andother stage Ensemble,Festival,1,Alfredo Ovalles | Jorge Sánchez-Chiong | Samuel Toro Pérez | Brigitte Wilfing,SUENA Festival,"SUENA - Verein zur Förderung und Verbreitung neuer Musik, Wien",MA7 | BMKöS | SKE,https://klingt.org/gro.tgnilk/events/12957/index.html?sid=14298401013344652
2022-05-12,Replugged,Rhys Chatham - David Fenech - Martin Siewert - Christian Reiner,Konzert,7,Rhys Chatham | David Fenech | Martin Siewert | Christian Reiner,Replugged,[nicht dokumentiert],[nicht dokumentiert],https://klingt.org/gro.tgnilk/events/12833/index.html?sid=14298401013344652
2022-05-12,Instituto Cervantes Wien,SUENA Festival - Vertixe Sonora Ensemble,Festival,1,Angelica Castello | Clara Saleiro | Carlos Cordeiro | Pablo Coello,SUENA Festival,"SUENA - Verein zur Förderung und Verbreitung neuer Musik, Wien",MA7 | BMKöS | SKE,https://klingt.org/gro.tgnilk/events/12958/index.html?sid=14298401013344652
2022-05-13,Ateliertheater,VELAK Gala #119,Konzertreihe,7,Conny Frischauf | Marcin Morga | Janneke van der Putten,VELAK,velak (verein für elektroakustische musik),MA7 | BMKöS,https://klingt.org/gro.tgnilk/events/12877/index.html?sid=14298401013344652
2022-10-08,Celeste,Eric Arn - Eyal Maoz Album Release,Konzert,5,Eric Arn | Eyal Maoz | Lukas Ligeti | Yedda Chunyu Lin,Psychic Vienna,[nicht dokumentiert],[nicht dokumentiert],https://klingt.org/gro.tgnilk/events/13220/
2022-10-11,Echoraum,Nachhall #3 - Noetinger & Vrba,Konzert,15,Jérôme Noetinger | Peter Vrba,Echoraum,Verein echoraum,MA7 | BMKöS | SKE,https://klingt.org/gro.tgnilk/events/13158/
2022-10-21,Klangtheater MDW,Moozak Multichannel Series #02 - ELAK Concerts #05,Konzert/Installation,3,Sara Pinheiro | Robert Schwarz | Veronika Mayer | Tasos Stamou,moozak,Moozak - Verein für experimentelle Musik,MA7 | BMKöS,https://klingt.org/gro.tgnilk/events/13275/
2022-10-22,Chateau Rouge,Smallforms,Konzert,8,Nicholas Hoffman | Katrin Plavčak | Katrin Euller | Christian Schröder | Charlotte Jefferies,Smallforms,small forms - Verein zur Förderung und Verbreitung von zeitgenössischen Musikformen ,MA7 | BMKöS | SKE,https://klingt.org/gro.tgnilk/events/13297/
2022-11-11,Reaktor,BRAUCHEN - Wien Modern Premiere,Konzert/Performance,17,ensemble]h[iatus | Géraldine Keller | Isabelle Duthoit | Tiziana Bertoncini | Thomas Lehn,Konnektom,"Wien Modern, Verein für neue Musik",MA7 | BMKöS,https://klingt.org/gro.tgnilk/events/13331/
2022-09-23,Zacherlfabrik,Unsafe+Sounds 2022 - Tainted Futures Day 1,Festival,17,Haskii | Inou Ki Endo | Rent | Stine Janvin | SØS Gunver Ryberg,Unsafe+Sounds,"Peer to Peer - Verein zur Förderung und Verbreitung experimenteller Musik, interdisziplinärer Kunstformate und Diskurs ",MA7 | SKE,https://ntry.at/unsafeandsoundsfestival2022
2022-09-23,Das Werk,Unsafe+Sounds 2022 - Tainted Futures Night 1,Festival,9,Christia Ingemann | Ebhardy | Elin | Flower Crime | Kim Leclerc | Rrose | UFO95,Unsafe+Sounds,"Peer to Peer - Verein zur Förderung und Verbreitung experimenteller Musik, interdisziplinärer Kunstformate und Diskurs ",MA7 | SKE,https://ntry.at/unsafeandsoundsfestival2022
2022-09-24,Das Werk,Unsafe+Sounds 2022 - Tainted Futures Night 2,Festival,9,Amblio | Anthea | Kenji Araki | Astrid Gnosis | Bootlicker | DJ Diamond | In My Talons | Sentimental Rave | Vich Mind,Unsafe+Sounds,"Peer to Peer - Verein zur Förderung und Verbreitung experimenteller Musik, interdisziplinärer Kunstformate und Diskurs ",MA7 | SKE,https://ntry.at/unsafeandsoundsfestival2022
2022-09-28,Zacherlfabrik,Unsafe+Sounds 2022 - Tainted Futures Day 2,Festival,17,Cedrik Fermont | Kristina Pia Hofer | No Bra | Mattin | Privat,Unsafe+Sounds,"Peer to Peer - Verein zur Förderung und Verbreitung experimenteller Musik, interdisziplinärer Kunstformate und Diskurs ",MA7 | SKE,https://ntry.at/unsafeandsoundsfestival2022
2022-09-29,Zacherlfabrik,Unsafe+Sounds 2022 - Tainted Futures Day 3 (Struma+Iodine),Festival,17,Kutin | Mattin | Snake Boots | Yuzu,Unsafe+Sounds,"Peer to Peer - Verein zur Förderung und Verbreitung experimenteller Musik, interdisziplinärer Kunstformate und Diskurs ",MA7 | SKE,https://ntry.at/unsafeandsoundsfestival2022
2022-09-30,Zacherlfabrik,Unsafe+Sounds 2022 - Tainted Futures Day 4 (Ventil Records),Festival,17,Electric Indigo | Eugenia Seriakov | Pia Palme | Sonja Leipold | Rojin Sharafi | Wolfgang Sterneck,Unsafe+Sounds,"Peer to Peer - Verein zur Förderung und Verbreitung experimenteller Musik, interdisziplinärer Kunstformate und Diskurs ",MA7 | SKE,https://ntry.at/unsafeandsoundsfestival2022
2022-09-30,Das Werk,Unsafe+Sounds 2022 - Tainted Futures Night 3,Festival,9,Alpha Tracks | Bushra | DJ Haram | Ewa Justka | Ezy | High Future | Jung An Tagen | Cam Deas | Mikkel Rev | Oprofessionell,Unsafe+Sounds,"Peer to Peer - Verein zur Förderung und Verbreitung experimenteller Musik, interdisziplinärer Kunstformate und Diskurs ",MA7 | SKE,https://ntry.at/unsafeandsoundsfestival2022
2022-10-01,Zacherlfabrik,Unsafe+Sounds 2022 - Tainted Futures Day 5 (Struma+Iodine),Festival,17,Ingrid | Luis Manuel Garcia | Omformer | Pure | Robert Schwarz | Tina393,Unsafe+Sounds,"Peer to Peer - Verein zur Förderung und Verbreitung experimenteller Musik, interdisziplinärer Kunstformate und Diskurs ",MA7 | SKE,https://ntry.at/unsafeandsoundsfestival2022
2022-10-01,Das Werk,Unsafe+Sounds 2022 - Tainted Futures Night 4,Festival,9,Abu Gabi | DJ Warzone | Ehrenschwesta | Distortina | Misonica | Nkisi | Prison Religion | Safa,Unsafe+Sounds,"Peer to Peer - Verein zur Förderung und Verbreitung experimenteller Musik, interdisziplinärer Kunstformate und Diskurs ",MA7 | SKE,https://ntry.at/unsafeandsoundsfestival2022
2023-09-07,AIL Angewandte,Unsafe+Sounds 2023 - Hope - Apertura,Festival,1,Inou Ki Endo | Nimikry | Audrey Chen | Mariam Rezaei | Lyra Pramuk | isocialbutterflyy,Unsafe+Sounds,"Peer to Peer - Verein zur Förderung und Verbreitung experimenteller Musik, interdisziplinärer Kunstformate und Diskurs ",MA7 | BMKöS | AIL,https://kulturpool.at/suche?query=unsafe+sounds
2023-09-08,Arena Wien,Unsafe+Sounds 2023 - Hope - Arena Kleine Halle,Festival,3,Aki Traar | In My Talons | W1ze | Namasenda,Unsafe+Sounds,"Peer to Peer - Verein zur Förderung und Verbreitung experimenteller Musik, interdisziplinärer Kunstformate und Diskurs ",MA7 | BMKöS | SKE | AIL,https://kulturpool.at/suche?query=unsafe+sounds
2023-09-08,Arena Wien,Unsafe+Sounds 2023 - Hope - Arena Dreiraum,Festival,3,Welia | Zosia Holubowska | Pope Sangreta | bela,Unsafe+Sounds,"Peer to Peer - Verein zur Förderung und Verbreitung experimenteller Musik, interdisziplinärer Kunstformate und Diskurs ",MA7 | BMKöS | SKE | AIL,https://kulturpool.at/suche?query=unsafe+sounds
2023-09-09,Flucc,Unsafe+Sounds 2023 - Hope - Noche Flucc,Festival,2,Kisling | Asifeh | Firas Shehadeh | Emma DJ | Moesha 13 | Swan Meat | DJ Diamond | Die Klar | MARAws | Yynona | DJ Shinsekai | Diana Azzuz | Vich Mind,Unsafe+Sounds,"Peer to Peer - Verein zur Förderung und Verbreitung experimenteller Musik, interdisziplinärer Kunstformate und Diskurs ",MA7 | BMKöS | SKE | AIL,https://kulturpool.at/suche?query=unsafe+sounds
2023-09-10,Brunnenpassage,Unsafe+Sounds 2023 - Hope - Diskurs Diaspora,Festival/Diskurs,16,Mursal | Wandapanda | Tiger | Susanne Songi Griem,Unsafe+Sounds,"Peer to Peer - Verein zur Förderung und Verbreitung experimenteller Musik, interdisziplinärer Kunstformate und Diskurs ",MA7 | BMKöS | SKE | AIL,https://kulturpool.at/suche?query=unsafe+sounds
2023-09-12,Artspace Echo Correspondence,Unsafe+Sounds 2023 - Hope - Sonic Politics Panel,Festival/Diskurs,19,Pisitakun | Hui Ye | Firas Shehadeh | Shilla Strelka,Unsafe+Sounds,"Peer to Peer - Verein zur Förderung und Verbreitung experimenteller Musik, interdisziplinärer Kunstformate und Diskurs ",MA7 | BMKöS | SKE | AIL,https://kulturpool.at/suche?query=unsafe+sounds
2023-09-13,Zacherlfabrik,Unsafe+Sounds 2023 - Hope - Open Air,Festival,17,Nova Lux,Unsafe+Sounds,"Peer to Peer - Verein zur Förderung und Verbreitung experimenteller Musik, interdisziplinärer Kunstformate und Diskurs ",MA7 | BMKöS | SKE | AIL,https://kulturpool.at/suche?query=unsafe+sounds
2023-09-14,Zacherlfabrik,Unsafe+Sounds 2023 - Hope - Panel Clubräume,Festival/Diskurs,17,Mirabella Dziruni | Sadia Walizade | Sandro Nicolussi | Ania Gleich,Unsafe+Sounds,"Peer to Peer - Verein zur Förderung und Verbreitung experimenteller Musik, interdisziplinärer Kunstformate und Diskurs ",MA7 | BMKöS | SKE | AIL,https://kulturpool.at/suche?query=unsafe+sounds
2023-09-14,Zacherlfabrik,Unsafe+Sounds 2023 - Hope - Noche Zacherlfabrik,Festival,17,Helm | Neo Geodesia | Kenji Araki | Guta! | Farr | Zoë Mc Pherson | Object Blue | Why Be,Unsafe+Sounds,"Peer to Peer - Verein zur Förderung und Verbreitung experimenteller Musik, interdisziplinärer Kunstformate und Diskurs ",MA7 | BMKöS | SKE | AIL,https://kulturpool.at/suche?query=unsafe+sounds
2023-09-15,Flucc,Unsafe+Sounds 2023 - Hope - Panel Building Community,Festival/Diskurs,2,Saphy Vong | Yuko Asanuma | Tobias Lee | Christine Kakaire | মm.,Unsafe+Sounds,"Peer to Peer - Verein zur Förderung und Verbreitung experimenteller Musik, interdisziplinärer Kunstformate und Diskurs ",MA7 | BMKöS | SKE | AIL,https://kulturpool.at/suche?query=unsafe+sounds
2023-09-15,Flucc,Unsafe+Sounds 2023 - Hope - Noche Flucc 2,Festival,2,Thao | Xing | DJ Olinclusive | Zey | S.verin | Coco Cobra,Unsafe+Sounds,"Peer to Peer - Verein zur Förderung und Verbreitung experimenteller Musik, interdisziplinärer Kunstformate und Diskurs ",MA7 | BMKöS | SKE | AIL,https://kulturpool.at/suche?query=unsafe+sounds
2023-09-15,Zacherlfabrik,Unsafe+Sounds 2023 - Hope - Noche Zacherlfabrik 2,Festival,17,Neo Geodesia | Kenji Araki | Farr | Zoë Mc Pherson | Object Blue,Unsafe+Sounds,"Peer to Peer - Verein zur Förderung und Verbreitung experimenteller Musik, interdisziplinärer Kunstformate und Diskurs ",MA7 | BMKöS | SKE | AIL,https://kulturpool.at/suche?query=unsafe+sounds
2023-09-17,Zacherlfabrik,Unsafe+Sounds 2023 - Hope - Cierre,Festival,17,Daniel Blumberg,Unsafe+Sounds,"Peer to Peer - Verein zur Förderung und Verbreitung experimenteller Musik, interdisziplinärer Kunstformate und Diskurs ",MA7 | BMKöS | SKE | AIL,https://kulturpool.at/suche?query=unsafe+sounds
2024-09-05,AIL Angewandte,Unsafe+Sounds 2024 - Of Many Worlds - Apertura,Festival,1,Miriam Adefris | Dorian Concept | Inou Ki Endo,Unsafe+Sounds,"Peer to Peer - Verein zur Förderung und Verbreitung experimenteller Musik, interdisziplinärer Kunstformate und Diskurs ",MA7 | BMKöS | SKE | AIL,https://flucc.at/events/AaMRcZ-10-years-of-unsafesounds-of-many-worlds-festival-day-2/  | https://strumandiodine.com/article/unsafesounds-festival-2024-first-programme-details/
2024-09-06,Flucc,Unsafe+Sounds 2024 - Of Many Worlds - Noche Flucc Wanne,Festival,2,Ursula Sereghy | MIRA新伝統 | ABADIR | HUUUM | Van Boom | DJ Loser | Talita Otović | DJ Diamond,Unsafe+Sounds,"Peer to Peer - Verein zur Förderung und Verbreitung experimenteller Musik, interdisziplinärer Kunstformate und Diskurs ",MA7 | BMKöS | SKE | AIL,https://flucc.at/events/AaMRcZ-10-years-of-unsafesounds-of-many-worlds-festival-day-2/  | https://strumandiodine.com/article/unsafesounds-festival-2024-first-programme-details/
2024-09-06,Flucc,Unsafe+Sounds 2024 - Of Many Worlds - Noche Flucc Deck,Festival,2,Olgica | DJ Hybris | মm. | DJ GÄP | Toupaz,Unsafe+Sounds,"Peer to Peer - Verein zur Förderung und Verbreitung experimenteller Musik, interdisziplinärer Kunstformate und Diskurs ",MA7 | BMKöS | SKE | AIL,https://flucc.at/events/AaMRcZ-10-years-of-unsafesounds-of-many-worlds-festival-day-2/  | https://strumandiodine.com/article/unsafesounds-festival-2024-first-programme-details/
2024-09-07,Arena Wien,Unsafe+Sounds 2024 - Of Many Worlds - Arena,Festival,3,Senyawa | Safety Trance | Blood of Aza | Susu Laroche | Morast,Unsafe+Sounds,"Peer to Peer - Verein zur Förderung und Verbreitung experimenteller Musik, interdisziplinärer Kunstformate und Diskurs ",MA7 | BMKöS | SKE | AIL,https://flucc.at/events/AaMRcZ-10-years-of-unsafesounds-of-many-worlds-festival-day-2/  | https://strumandiodine.com/article/unsafesounds-festival-2024-first-programme-details/
2024-09-10,WUK,Unsafe+Sounds 2024 - Of Many Worlds - Diskurs Tag 1,Festival/Diskurs,9,Luna Al-Mousli | Negin Rezaie | Thomas Burkhalter,Unsafe+Sounds,"Peer to Peer - Verein zur Förderung und Verbreitung experimenteller Musik, interdisziplinärer Kunstformate und Diskurs ",MA7 | BMKöS | SKE | AIL,https://flucc.at/events/AaMRcZ-10-years-of-unsafesounds-of-many-worlds-festival-day-2/  | https://strumandiodine.com/article/unsafesounds-festival-2024-first-programme-details/
2024-09-11,WUK,Unsafe+Sounds 2024 - Of Many Worlds - Diskurs Tag 2,Festival/Diskurs,9,Annie Goh | Ata Ebtekar | Brooklyn Pakathi | Isabella Forciniti,Unsafe+Sounds,"Peer to Peer - Verein zur Förderung und Verbreitung experimenteller Musik, interdisziplinärer Kunstformate und Diskurs ",MA7 | BMKöS | SKE | AIL,https://flucc.at/events/AaMRcZ-10-years-of-unsafesounds-of-many-worlds-festival-day-2/  | https://strumandiodine.com/article/unsafesounds-festival-2024-first-programme-details/
2024-09-12,WUK,Unsafe+Sounds 2024 - Of Many Worlds - Diskurs Tag 3,Festival/Diskurs,9,Lain Iwakura | Nkisi | Rashad Becker | Salomé Voegelin,Unsafe+Sounds,"Peer to Peer - Verein zur Förderung und Verbreitung experimenteller Musik, interdisziplinärer Kunstformate und Diskurs ",MA7 | BMKöS | SKE | AIL,https://flucc.at/events/AaMRcZ-10-years-of-unsafesounds-of-many-worlds-festival-day-2/  | https://strumandiodine.com/article/unsafesounds-festival-2024-first-programme-details/
2024-09-12,Kulturzentrum 4lthangrund,Unsafe+Sounds 2024 - Of Many Worlds - Panel Clubspaces,Festival/Diskurs,9,Meha Jhajharia | Mena Huber | Samo Zeichen,Unsafe+Sounds,"Peer to Peer - Verein zur Förderung und Verbreitung experimenteller Musik, interdisziplinärer Kunstformate und Diskurs ",MA7 | BMKöS | SKE | AIL,https://flucc.at/events/AaMRcZ-10-years-of-unsafesounds-of-many-worlds-festival-day-2/  | https://strumandiodine.com/article/unsafesounds-festival-2024-first-programme-details/
2024-09-13,Westbahnstudios,Unsafe+Sounds 2024 - Of Many Worlds - Diskurs Tag 4,Festival/Diskurs,7,Daphne Xanthopoulou | Felipe Maia | Holger Schulze | Stas Sharifulla,Unsafe+Sounds,"Peer to Peer - Verein zur Förderung und Verbreitung experimenteller Musik, interdisziplinärer Kunstformate und Diskurs ",MA7 | BMKöS | SKE | AIL,https://flucc.at/events/AaMRcZ-10-years-of-unsafesounds-of-many-worlds-festival-day-2/  | https://strumandiodine.com/article/unsafesounds-festival-2024-first-programme-details/
2024-09-14,Zacherlfabrik,Unsafe+Sounds 2024 - Of Many Worlds - Noche Club,Festival,17,Iceboy Violet | Frankie | Mopcut | Rashad Becker | Evicshen,Unsafe+Sounds,"Peer to Peer - Verein zur Förderung und Verbreitung experimenteller Musik, interdisziplinärer Kunstformate und Diskurs ",MA7 | BMKöS | SKE | AIL,https://flucc.at/events/AaMRcZ-10-years-of-unsafesounds-of-many-worlds-festival-day-2/  | https://strumandiodine.com/article/unsafesounds-festival-2024-first-programme-details/
2024-09-15,Zacherlfabrik,Unsafe+Sounds 2024 - Of Many Worlds - Cierre BPO,Festival,17,Black Page Orchestra | Mirela Ivičević | Matthias Kranebitter,Unsafe+Sounds,"Peer to Peer - Verein zur Förderung und Verbreitung experimenteller Musik, interdisziplinärer Kunstformate und Diskurs ",MA7 | BMKöS | SKE | AIL,https://flucc.at/events/AaMRcZ-10-years-of-unsafesounds-of-many-worlds-festival-day-2/  | https://strumandiodine.com/article/unsafesounds-festival-2024-first-programme-details/
2025-09-02,AIL Angewandte,Unsafe+Sounds 2025 - Collapsed Star,Festival,1,Inou Ki Endo | Zosia Holubowska | HxH | ROTOЯ | Rosa Anschütz,Unsafe+Sounds,"Peer to Peer - Verein zur Förderung und Verbreitung experimenteller Musik, interdisziplinärer Kunstformate und Diskurs ",MA7 | BMKöS | SKE | AIL,https://unsafeandsounds.com/archive/
2025-09-03,ifk,Unsafe+Sounds 2025 - Exhibition Past Tense Opening,Festival/Ausstellung,1,Brooklyn Pakathi,Unsafe+Sounds,"Peer to Peer - Verein zur Förderung und Verbreitung experimenteller Musik, interdisziplinärer Kunstformate und Diskurs ",MA7 | BMKöS | SKE | AIL,https://unsafeandsounds.com/archive/
2025-09-03,WUK,Unsafe+Sounds 2025 - Lucid Ghosts,Festival,9,Kampan | Rogine | Gajek | Ludwig Wandinger | Yves B. Golden,Unsafe+Sounds,"Peer to Peer - Verein zur Förderung und Verbreitung experimenteller Musik, interdisziplinärer Kunstformate und Diskurs ",MA7 | BMKöS | SKE | AIL,https://unsafeandsounds.com/archive/
2025-09-04,Porgy & Bess,Unsafe+Sounds 2025 - Time Infolding,Festival,1,Lukas König | Kasho Chualan | MA.MOYO | Coby Sey | Mara Never,Unsafe+Sounds,"Peer to Peer - Verein zur Förderung und Verbreitung experimenteller Musik, interdisziplinärer Kunstformate und Diskurs ",MA7 | BMKöS | SKE | AIL,https://unsafeandsounds.com/archive/
2025-09-05,WUK,Unsafe+Sounds 2025 - Lightspeed Back Hereafter,Festival,9,Annie High | Sophia Eisenhut | Das Wettbüro | CEL | Autor,Unsafe+Sounds,"Peer to Peer - Verein zur Förderung und Verbreitung experimenteller Musik, interdisziplinärer Kunstformate und Diskurs ",MA7 | BMKöS | SKE | AIL,https://unsafeandsounds.com/archive/
2025-09-05,Flucc,Unsafe+Sounds 2025 - Phase Shift,Festival,2,Lain Iwakura | b1unt b1ade | ephemer | Dasychira | Vanyfox,Unsafe+Sounds,"Peer to Peer - Verein zur Förderung und Verbreitung experimenteller Musik, interdisziplinärer Kunstformate und Diskurs ",MA7 | BMKöS | SKE | AIL,https://unsafeandsounds.com/archive/
2025-09-06,WUK,Unsafe+Sounds 2025 - Editions Mego 30 Day 1,Festival,9,Philipp Quehenberger | Klara Lewis | General Magic | Tina Frank | Nik Colk Void,Unsafe+Sounds,"Peer to Peer - Verein zur Förderung und Verbreitung experimenteller Musik, interdisziplinärer Kunstformate und Diskurs ",MA7 | BMKöS | SKE | AIL,https://unsafeandsounds.com/archive/
2025-09-06,Pratersauna,Unsafe+Sounds 2025 - Becoming,Festival,2,Luca Carlotta | Fingers of God | Nkisi | S.verin | Superskin | Flower Crime,Unsafe+Sounds,"Peer to Peer - Verein zur Förderung und Verbreitung experimenteller Musik, interdisziplinärer Kunstformate und Diskurs ",MA7 | BMKöS | SKE | AIL,https://unsafeandsounds.com/archive/
2025-09-07,WUK,Unsafe+Sounds 2025 - Editions Mego 30 Day 2,Festival,9,Chra | Jung An Tagen | Ilpo Väisänen | Hüma Utku | Finlay Shakespeare,Unsafe+Sounds,"Peer to Peer - Verein zur Förderung und Verbreitung experimenteller Musik, interdisziplinärer Kunstformate und Diskurs ",MA7 | BMKöS | SKE | AIL,https://unsafeandsounds.com/archive/
2022-03-10,Rhiz,Struma+Iodine - Gábor Lázár | Jung An Tagen | Augsburger Messer | Inou Ki Endo,Konzert,8,Gábor Lázár | Jung An Tagen | Augsburger Messer | Inou Ki Endo,Struma+Iodine,STRUMA+IODINE - Verein zur Erweiterung musikalischer Erfahrungsräume ,MA7 | BMKöS | AIL,https://strumaiodine.com/
2022-03-28,Rhiz,Struma+Iodine - Klara Lewis | Fru Fru | the concept horse | Subletvis,Konzert,8,Klara Lewis | Maja Osojnik | Angélica Castelló | Subletvis,Struma+Iodine,STRUMA+IODINE - Verein zur Erweiterung musikalischer Erfahrungsräume ,MA7 | BMKöS | AIL,https://strumaiodine.com/
2022-04-16,Das Werk,Struma+Iodine - Somniac One | Kilbourne | Flower Crime,Konzert,9,Somniac One | Kilbourne | Flower Crime | Schirin | DJ Warzone | DJ Ebhardy,Struma+Iodine,STRUMA+IODINE - Verein zur Erweiterung musikalischer Erfahrungsräume ,MA7 | BMKöS | AIL,https://strumaiodine.com/
2022-04-27,Venster99,Struma+Iodine x Cut Surface - CIA Debutante | MMe Psychosis,Konzert,16,CIA Debutante | MMe Psychosis | Anne Pedersdotter | Inou Ki Endo,Struma+Iodine,STRUMA+IODINE - Verein zur Erweiterung musikalischer Erfahrungsräume ,MA7 | BMKöS | AIL,https://strumaiodine.com/
2022-05-05,Rhiz,Struma+Iodine - Poly Chain | Fingers of God | Rent | Grace Schella,Konzert,8,Poly Chain | Fingers of God | Rent | Grace Schella,Struma+Iodine,STRUMA+IODINE - Verein zur Erweiterung musikalischer Erfahrungsräume ,MA7 | BMKöS | SKE,https://strumaiodine.com/
2022-06-10,Rhiz,Struma+Iodine - Animistic Beliefs | Authentically Plastic | Jung An Tagen,Konzert,8,Animistic Beliefs | Authentically Plastic | Jung An Tagen | Augsburger Messer | Yuzu,Struma+Iodine,STRUMA+IODINE - Verein zur Erweiterung musikalischer Erfahrungsräume ,MA7 | BMKöS | SKE,https://strumaiodine.com/
2022-06-22,Venster99,Struma+Iodine x Ventil Records - Venus Ex Machina | Schtum | Gischt,Konzert,16,Venus Ex Machina | Schtum | Gischt | Inou Ki Endo,Struma+Iodine,STRUMA+IODINE - Verein zur Erweiterung musikalischer Erfahrungsräume ,MA7 | BMKöS | SKE,https://strumaiodine.com/
2022-07-02,Das Werk,Struma+Iodine - DJ Loser | Matriark | Superskin,Konzert,9,DJ Loser | Matriark | Yard Springer | Superskin | DJ Warzone | DJ Diamond | Bootlicker,Struma+Iodine,STRUMA+IODINE - Verein zur Erweiterung musikalischer Erfahrungsräume ,MA7 | BMKöS | SKE,https://strumaiodine.com/
2022-09-01,Rhiz,Struma+Iodine x Unsafe+Sounds - DeForrest Brown Jr. | Speaker Music,Konzert/Diskurs,8,DeForrest Brown Jr. | Speaker Music | Blaq Hammer | Marie Vermont | Sami Nagasaki,Struma+Iodine,STRUMA+IODINE - Verein zur Erweiterung musikalischer Erfahrungsräume ,MA7 | BMKöS | SKE,https://strumaiodine.com/
2022-10-22,Das LOT,Struma+Iodine - Mary Lattimore | Daphne X | Stefan Fraunberger,Konzert,11,Mary Lattimore | Daphne X | Stefan Fraunberger | Maraws,Struma+Iodine,STRUMA+IODINE - Verein zur Erweiterung musikalischer Erfahrungsräume ,MA7 | BMKöS | SKE,https://strumaiodine.com/
2022-11-28,Venster99,Struma+Iodine - Divide and Dissolve | Age of Strange Cults,Konzert,16,Divide and Dissolve | Age of Strange Cults | DJ Pechmarie,Struma+Iodine,STRUMA+IODINE - Verein zur Erweiterung musikalischer Erfahrungsräume ,MA7 | BMKöS | SKE,https://strumaiodine.com/
2022-12-13,Rhiz,Struma+Iodine - Cucina Povera | Conny Frischauf | Misonica | Firmament,Konzert,8,Cucina Povera | Conny Frischauf | Misonica | Firmament,Struma+Iodine,STRUMA+IODINE - Verein zur Erweiterung musikalischer Erfahrungsräume ,MA7 | BMKöS | SKE,https://strumaiodine.com/
2023-01-14,Das Werk,Struma+Iodine - DÆMON | Yantan Ministry | Europa | Electric Indigo,Konzert,9,DÆMON | Yantan Ministry | Europa | Hunt | Electric Indigo | DJ Hauswein | Gretchen Bazooka,Struma+Iodine,STRUMA+IODINE - Verein zur Erweiterung musikalischer Erfahrungsräume ,MA7 | BMKöS | SKE,https://strumaiodine.com/
2023-01-30,Rhiz,Struma+Iodine - Grand River | Gajek | Akrüül | Sucre Sucre,Konzert,8,Grand River | Gajek | Akrüül | Sucre Sucre,Struma+Iodine,STRUMA+IODINE - Verein zur Erweiterung musikalischer Erfahrungsräume ,MA7 | BMKöS | SKE,https://strumaiodine.com/
2023-02-24,Das Werk,Struma+Iodine = 10 Years - Buttechno | Spekki Webu | Elvin Brandhi,Konzert,9,Buttechno | Spekki Webu | Elvin Brandhi | Battle-Ax | Jung An Tagen | In My Talons | Alpha Tracks | Schirin | Isabella Forciniti,Struma+Iodine,STRUMA+IODINE - Verein zur Erweiterung musikalischer Erfahrungsräume ,MA7 | BMKöS | SKE,https://strumaiodine.com/
2023-03-08,Rhiz,Struma+Iodine - Bobby Would Release-Show | Leila Bordreuil,Konzert,8,Bobby Would | Leila Bordreuil | Daniella Ljungsberg | Andrea Ida,Struma+Iodine,STRUMA+IODINE - Verein zur Erweiterung musikalischer Erfahrungsräume ,MA7 | BMKöS | SKE,https://strumaiodine.com/
2023-03-31,Flex,Struma+Iodine - Mama Snake | Hieroglyphic Being | Tin Man,Konzert,1,Mama Snake | Hieroglyphic Being | Tin Man | Alpha Tracks | Inou Ki Endo,Struma+Iodine,STRUMA+IODINE - Verein zur Erweiterung musikalischer Erfahrungsräume ,MA7 | BMKöS | SKE,https://strumaiodine.com/
2023-04-06,Rhiz,Struma+Iodine - AGF | Palmovka | Chra | Guta! - EastBloC-ism Panel,Konzert/Diskurs,8,AGF | Palmovka | Chra | Guta!,Struma+Iodine,STRUMA+IODINE - Verein zur Erweiterung musikalischer Erfahrungsräume ,MA7 | BMKöS | SKE,https://strumaiodine.com/
2023-04-22,Das Werk,Struma+Iodine - Evicshen | Jana Woodstock | Codex Empire,Konzert,9,Evicshen | Jana Woodstock | Codex Empire | Mike Nylons | Greensequence | Distortina,Struma+Iodine,STRUMA+IODINE - Verein zur Erweiterung musikalischer Erfahrungsräume ,MA7 | BMKöS | SKE,https://strumaiodine.com/
2023-05-13,Venster99,Struma+Iodine x LICCHT - HIDE | Morast | Drug Searching Dogs,Konzert,16,HIDE | Morast | Drug Searching Dogs | Inou Ki Endo,Struma+Iodine,STRUMA+IODINE - Verein zur Erweiterung musikalischer Erfahrungsräume ,MA7 | BMKöS | SKE,https://strumaiodine.com/
2023-05-26,RRR,Struma+Iodine - ATIKKA | Transki | Vich Mind | Alpha Tracks,Konzert,16,ATIKKA | Transki | Vich Mind | Alpha Tracks | Inou Ki Endo,Struma+Iodine,STRUMA+IODINE - Verein zur Erweiterung musikalischer Erfahrungsräume ,MA7 | BMKöS | SKE,https://strumaiodine.com/
2023-06-24,Das Werk,Struma+Iodine - Ute.Rec Showcase,Konzert,9,Oprofessionell | Mikkel Rev | Marius Bø | Alpha Tracks | DJ Valentimes | DJ Warzone | Ehrenschwesta,Struma+Iodine,STRUMA+IODINE - Verein zur Erweiterung musikalischer Erfahrungsräume ,MA7 | BMKöS | SKE ,https://strumaiodine.com/
2023-10-04,AIL Angewandte,Struma+Iodine x AIL - Sonic Specters I - KMRU | Misonica,Konzert,1,KMRU | Misonica | Inou Ki Endo,Struma+Iodine,STRUMA+IODINE - Verein zur Erweiterung musikalischer Erfahrungsräume ,MA7 | BMKöS | SKE ,https://strumaiodine.com/
2023-10-13,Rhiz,Struma+Iodine - Islands of Resilience - Mabe Fratti | DJ Maria.,Konzert,8,Mabe Fratti | DJ Maria. | Geier Aus Stahl | Alpha Tracks | Nino Stelzl | Inou Ki Endo,Struma+Iodine,STRUMA+IODINE - Verein zur Erweiterung musikalischer Erfahrungsräume ,MA7 | BMKöS | SKE ,https://strumaiodine.com/
2023-11-06,Rhiz,Struma+Iodine - YL Hooi | Hylut | Windtal | Lucia Kagramanyan,Konzert,8,YL Hooi | Hylut | Windtal | Lucia Kagramanyan,Struma+Iodine,STRUMA+IODINE - Verein zur Erweiterung musikalischer Erfahrungsräume ,MA7 | BMKöS | SKE ,https://strumaiodine.com/
2023-11-08,AIL Angewandte,Struma+Iodine x AIL - Sonic Specters II - Perila | Afrodeo,Konzert,1,Perila | Afrodeo,Struma+Iodine,STRUMA+IODINE - Verein zur Erweiterung musikalischer Erfahrungsräume ,MA7 | BMKöS | SKE ,https://strumaiodine.com/
2023-11-23,Venster99,Struma+Iodine x Augend&Addend - Rắn Cạp Đuôi | Florence Sinclair,Konzert,16,Rắn Cạp Đuôi | Florence Sinclair | S280F | Rent,Struma+Iodine,STRUMA+IODINE - Verein zur Erweiterung musikalischer Erfahrungsräume ,MA7 | BMKöS | SKE ,https://strumaiodine.com/
2023-11-26,Flucc,Struma+Iodine x Urban Lurk - Spark for Kharkiv,Konzert/Benefiz,2,DJ Sacred | Chief Roccka | Xepaces | Dacid Go8lin,Struma+Iodine,STRUMA+IODINE - Verein zur Erweiterung musikalischer Erfahrungsräume ,MA7 | BMKöS | SKE,https://strumaiodine.com/
2023-12-15,AIL Angewandte,Struma+Iodine x AIL - Sonic Specters III - Katatonic Silentio | dieb13,Konzert,1,Katatonic Silentio | dieb13,Struma+Iodine,STRUMA+IODINE - Verein zur Erweiterung musikalischer Erfahrungsräume ,MA7 | BMKöS | SKE,https://strumaiodine.com/
2024-01-16,AIL Angewandte,Struma+Iodine x AIL - Sonic Specters IV - Richard Skelton | Jung An Tagen,Konzert,1,Richard Skelton | Jung An Tagen | Firmament,Struma+Iodine,RESONANCES+TRANSITIONS - VEREIN ZUR FÖRDERUNG UND VERBREITUNG INNOVATIVER KLÄNGE ,MA7 | BMKöS | SKE,https://strumaiodine.com/
2024-01-20,Venster99,Struma+Iodine - GIL | Peter Kutin | zs zs,Konzert,16,GIL | Peter Kutin | zs zs,Struma+Iodine,RESONANCES+TRANSITIONS - VEREIN ZUR FÖRDERUNG UND VERBREITUNG INNOVATIVER KLÄNGE ,MA7 | BMKöS | SKE,https://strumaiodine.com/
2024-02-09,Flucc,Struma+Iodine = 11 Years - Nkisi | Fitnesss | Huuum | Inou Ki Endo,Konzert,2,Nkisi | Fitnesss | Huuum | ssolve | MARAws | Inou Ki Endo | DJ Diamond,Struma+Iodine,RESONANCES+TRANSITIONS - VEREIN ZUR FÖRDERUNG UND VERBREITUNG INNOVATIVER KLÄNGE ,MA7 | BMKöS | SKE,https://strumaiodine.com/
2024-02-22,Undisclosed Location,Struma+Iodine - Sonic Agency Listening Session I,Konzert/Session,nicht öffentlicht,manuell rekonstruierbar,Struma+Iodine,RESONANCES+TRANSITIONS - VEREIN ZUR FÖRDERUNG UND VERBREITUNG INNOVATIVER KLÄNGE ,MA7 | BMKöS | SKE,https://strumaiodine.com/
2024-03-07,Undisclosed Location,Struma+Iodine - Sonic Agency Listening Session II,Konzert/Session,nicht öffentlicht,manuell rekonstruierbar,Struma+Iodine,RESONANCES+TRANSITIONS - VEREIN ZUR FÖRDERUNG UND VERBREITUNG INNOVATIVER KLÄNGE ,MA7 | BMKöS | SKE,https://strumaiodine.com/
2024-03-14,Rhiz,Struma+Iodine - Sara Glaxia | DJ Warzone | Sami Mandee + Listening Session III,Konzert,8,Sara Glaxia | DJ Warzone | Sami Mandee,Struma+Iodine,RESONANCES+TRANSITIONS - VEREIN ZUR FÖRDERUNG UND VERBREITUNG INNOVATIVER KLÄNGE ,MA7 | BMKöS | SKE,https://strumaiodine.com/
2024-03-21,VE.SCH,Struma+Iodine - Sonic Agency Listening Session IV,Konzert/Session,6,manuell rekonstruierbar,Struma+Iodine,RESONANCES+TRANSITIONS - VEREIN ZUR FÖRDERUNG UND VERBREITUNG INNOVATIVER KLÄNGE ,MA7 | BMKöS | SKE,https://strumaiodine.com/
2024-03-29,WAF Galerie,Struma+Iodine - Sonic Agency Listening Session V,Konzert/Session,6,manuell rekonstruierbar,Struma+Iodine,RESONANCES+TRANSITIONS - VEREIN ZUR FÖRDERUNG UND VERBREITUNG INNOVATIVER KLÄNGE ,MA7 | BMKöS | SKE,https://strumaiodine.com/
2024-04-04,Kevin Space,Struma+Iodine - Sonic Agency Listening Session VI,Konzert/Session,2,manuell rekonstruierbar,Struma+Iodine,RESONANCES+TRANSITIONS - VEREIN ZUR FÖRDERUNG UND VERBREITUNG INNOVATIVER KLÄNGE ,MA7 | BMKöS | SKE,https://strumaiodine.com/
2024-04-05,Flucc,Struma+Iodine - TOUMBA | ASSYOUTI | GERTIE ADELAIDO,Konzert,2,TOUMBA | ASSYOUTI | GERTIE ADELAIDO | ENESI M. | মm. | TOUPAZ | YUZU,Struma+Iodine,RESONANCES+TRANSITIONS - VEREIN ZUR FÖRDERUNG UND VERBREITUNG INNOVATIVER KLÄNGE ,MA7 | BMKöS | SKE,https://strumaiodine.com/
2024-04-17,Rhiz,Struma+Iodine - Liliane Chlela | Kasho Chualan | Andrea Lumplecker + Listening Session VII,Konzert,8,Liliane Chlela | Kasho Chualan | Andrea Lumplecker | Yasmina Haddad,Struma+Iodine,RESONANCES+TRANSITIONS - VEREIN ZUR FÖRDERUNG UND VERBREITUNG INNOVATIVER KLÄNGE ,MA7 | BMKöS | SKE,https://strumaiodine.com/
2024-04-25,Das LOT,Struma+Iodine - Sonic Agency Listening Session VIII,Konzert/Session,11,manuell rekonstruierbar,Struma+Iodine,RESONANCES+TRANSITIONS - VEREIN ZUR FÖRDERUNG UND VERBREITUNG INNOVATIVER KLÄNGE ,MA7 | BMKöS | SKE,https://strumaiodine.com/
2024-05-09,Flucc,Struma+Iodine - Sonic Agency Listening Session IX,Konzert/Session,2,manuell rekonstruierbar,Struma+Iodine,RESONANCES+TRANSITIONS - VEREIN ZUR FÖRDERUNG UND VERBREITUNG INNOVATIVER KLÄNGE ,MA7 | BMKöS | SKE,https://strumaiodine.com/
2024-05-09,Flucc,Struma+Iodine - Authentically Plastic | Bader | Zey | Afroninja,Konzert,2,Authentically Plastic | Bader | Zey | Afroninja,Struma+Iodine,RESONANCES+TRANSITIONS - VEREIN ZUR FÖRDERUNG UND VERBREITUNG INNOVATIVER KLÄNGE ,MA7 | BMKöS | SKE,https://strumaiodine.com/
2024-05-14,AIL Angewandte,Struma+Iodine - Qow | Asifeh | Inou Ki Endo + Listening Session X,Konzert,1,Qow | Asifeh | Inou Ki Endo,Struma+Iodine,RESONANCES+TRANSITIONS - VEREIN ZUR FÖRDERUNG UND VERBREITUNG INNOVATIVER KLÄNGE ,MA7 | BMKöS | SKE | AIL,https://strumaiodine.com/
2024-05-16,Depot,Struma+Iodine - Sonic Agency Listening Session XI,Konzert/Session,7,manuell rekonstruierbar,Struma+Iodine,RESONANCES+TRANSITIONS - VEREIN ZUR FÖRDERUNG UND VERBREITUNG INNOVATIVER KLÄNGE ,MA7 | BMKöS | SKE,https://strumaiodine.com/
2024-05-23,Flucc,Struma+Iodine - Sonic Agency Listening Session XII,Konzert/Session,2,manuell rekonstruierbar,Struma+Iodine,RESONANCES+TRANSITIONS - VEREIN ZUR FÖRDERUNG UND VERBREITUNG INNOVATIVER KLÄNGE ,MA7 | BMKöS | SKE,https://strumaiodine.com/
2024-05-30,Echoraum,Struma+Iodine - Sonic Agency Listening Session XIII,Konzert/Session,15,manuell rekonstruierbar,Struma+Iodine,RESONANCES+TRANSITIONS - VEREIN ZUR FÖRDERUNG UND VERBREITUNG INNOVATIVER KLÄNGE ,MA7 | BMKöS | SKE,https://strumaiodine.com/
2024-06-06,Central Garden,Struma+Iodine - Sonic Agency Listening Session XIV,Konzert/Session,2,manuell rekonstruierbar,Struma+Iodine,RESONANCES+TRANSITIONS - VEREIN ZUR FÖRDERUNG UND VERBREITUNG INNOVATIVER KLÄNGE ,MA7 | BMKöS | SKE,https://strumaiodine.com/
2024-06-14,Brunnenpassage,Struma+Iodine - Sonic Agency Listening Session XV,Konzert/Session,16,manuell rekonstruierbar,Struma+Iodine,RESONANCES+TRANSITIONS - VEREIN ZUR FÖRDERUNG UND VERBREITUNG INNOVATIVER KLÄNGE ,MA7 | BMKöS | SKE,https://strumaiodine.com/
2024-06-21,Flucc,Struma+Iodine - Nazar | 3phaz | Rent Release-Show | Rakita,Konzert,2,Nazar | 3phaz | Rent | Rakita | Patrik Lechner | Transki,Struma+Iodine,RESONANCES+TRANSITIONS - VEREIN ZUR FÖRDERUNG UND VERBREITUNG INNOVATIVER KLÄNGE ,MA7 | BMKöS | SKE,https://strumaiodine.com/
2024-06-28,Westbahnstudios,Struma+Iodine - Sonic Agency Listening Session XVI,Konzert/Session,7,manuell rekonstruierbar,Struma+Iodine,RESONANCES+TRANSITIONS - VEREIN ZUR FÖRDERUNG UND VERBREITUNG INNOVATIVER KLÄNGE ,MA7 | BMKöS | SKE,https://strumaiodine.com/
2024-09-13,WUK,Struma+Iodine x Unsafe+Sounds - Iceboy Violet,Konzert,9,Iceboy Violet,Struma+Iodine,RESONANCES+TRANSITIONS - VEREIN ZUR FÖRDERUNG UND VERBREITUNG INNOVATIVER KLÄNGE ,MA7 | BMKöS | SKE,https://strumaiodine.com/
2024-11-01,Flucc,Struma+Iodine - Rabit | Nunguja | LUNG | Kein Ponny,Konzert,2,Rabit | Nunguja | LUNG | Kein Ponny | Yves | Call Me Daddy,Struma+Iodine,RESONANCES+TRANSITIONS - VEREIN ZUR FÖRDERUNG UND VERBREITUNG INNOVATIVER KLÄNGE ,MA7 | BMKöS | SKE,https://strumaiodine.com/
2024-11-17,Rhiz,Struma+Iodine - Alex Zhang Hungtai | Claire Rousay | Natasha Moreno,Konzert,8,Alex Zhang Hungtai | Claire Rousay | Natasha Moreno | Misonica,Struma+Iodine,RESONANCES+TRANSITIONS - VEREIN ZUR FÖRDERUNG UND VERBREITUNG INNOVATIVER KLÄNGE ,MA7 | BMKöS | SKE,https://strumaiodine.com/
2024-12-13,Rhiz,Struma+Iodine - Buttechno | Nino Stelzl | Lucia Kagramanyan,Konzert,8,Buttechno | Nino Stelzl | Lucia Kagramanyan | Maraws | Inou Ki Endo,Struma+Iodine,RESONANCES+TRANSITIONS - VEREIN ZUR FÖRDERUNG UND VERBREITUNG INNOVATIVER KLÄNGE ,MA7 | BMKöS | SKE,https://strumaiodine.com/
2025-02-27,Rhiz,Struma+Iodine - DJ Spinn | Traxman | Sun People | zey,Konzert,8,DJ Spinn | Traxman | Sun People | zey | Jess_whereyouat,Struma+Iodine,RESONANCES+TRANSITIONS - VEREIN ZUR FÖRDERUNG UND VERBREITUNG INNOVATIVER KLÄNGE ,MA7 | BMKöS | SKE,https://strumaiodine.com/
2025-03-13,Rhiz,Struma+Iodine x EXILES - Ábris Gryllus | Alley Catss | Zosia Hołubowska,Konzert,8,Ábris Gryllus | Alley Catss | Zosia Hołubowska | Inou Ki Endo,Struma+Iodine,RESONANCES+TRANSITIONS - VEREIN ZUR FÖRDERUNG UND VERBREITUNG INNOVATIVER KLÄNGE ,MA7 | BMKöS | SKE,https://strumaiodine.com/
2025-04-18,Flucc,Struma+Iodine - SLIKBACK | YAO BOBBY | SIMON GRAB | CHLOÉ RYO,Konzert,2,SLIKBACK | YAO BOBBY | SIMON GRAB | CHLOÉ RYO | ADINA CAMHY | MURSAL | LANDA | S.VERIN,Struma+Iodine,RESONANCES+TRANSITIONS - VEREIN ZUR FÖRDERUNG UND VERBREITUNG INNOVATIVER KLÄNGE ,MA7 | BMKöS | SKE,https://strumaiodine.com/
2025-05-08,Rhiz,Struma+Iodine - mʊdʌki | STURMHERTA release-show | Lain Iwakura,Konzert,8,mʊdʌki | STURMHERTA | Daphne von Schrader | Lain Iwakura | Inou Ki Endo,Struma+Iodine,RESONANCES+TRANSITIONS - VEREIN ZUR FÖRDERUNG UND VERBREITUNG INNOVATIVER KLÄNGE ,MA7 | BMKöS | SKE,https://strumaiodine.com/
2025-05-31,Flucc,Struma+Iodine - EM Guide Fest: Solidarize!,Festival,2,manuell rekonstruierbar,Struma+Iodine,RESONANCES+TRANSITIONS - VEREIN ZUR FÖRDERUNG UND VERBREITUNG INNOVATIVER KLÄNGE ,MA7 | BMKöS | SKE,https://strumaiodine.com/
2025-06-21,Westbahnstudios,Struma+Iodine - IMMINENT DEATH | LUKAS KÖNIG | DJ WARZONE,Konzert,7,IMMINENT DEATH | LUKAS KÖNIG | DJ WARZONE,Struma+Iodine,RESONANCES+TRANSITIONS - VEREIN ZUR FÖRDERUNG UND VERBREITUNG INNOVATIVER KLÄNGE ,MA7 | BMKöS | SKE,https://strumaiodine.com/
2025-10-17,Flucc,Struma+Iodine - Hyperdub x Struma+Iodine - Kode9 | DJ Haram,Konzert,2,Kode9 | DJ Haram | ssolve | Lucia Kagramanyan | মm. | yarx | E the Artist,Struma+Iodine,RESONANCES+TRANSITIONS - VEREIN ZUR FÖRDERUNG UND VERBREITUNG INNOVATIVER KLÄNGE ,MA7 | BMKöS | SKE,https://strumaiodine.com/
2025-11-27,Westbahnstudios,Struma+Iodine - Chuck Roth | Tony Wagner | Morning Seance Release-Show,Konzert,7,Chuck Roth | Tony Wagner | Morning Seance,Struma+Iodine,RESONANCES+TRANSITIONS - VEREIN ZUR FÖRDERUNG UND VERBREITUNG INNOVATIVER KLÄNGE ,MA7 | BMKöS | SKE,https://strumaiodine.com/
2025-12-13,Rhiz,Struma+Iodine - Able Noise | Kampan | Inou Ki Endo,Konzert,8,Able Noise | Kampan | Inou Ki Endo,Struma+Iodine,RESONANCES+TRANSITIONS - VEREIN ZUR FÖRDERUNG UND VERBREITUNG INNOVATIVER KLÄNGE ,MA7 | BMKöS | SKE,https://strumaiodine.com/
2025-12-18,Flucc,Struma+Iodine - Gnoomes | Aki Traar Release-Show | Macrosoft,Konzert,2,Gnoomes | Aki Traar | Macrosoft,Struma+Iodine,RESONANCES+TRANSITIONS - VEREIN ZUR FÖRDERUNG UND VERBREITUNG INNOVATIVER KLÄNGE ,MA7 | BMKöS | SKE,https://strumaiodine.com/
2024-09-14,Westbahnstudios,Unsafe+Sounds 2024 - Of Many Worlds - Morning Seance,Festival,7,Simone Borghi,Unsafe+Sounds,"Vienna.ACTS, Verein zur Förderung von Kunst",MA7 | BMKöS,https://klingt.org/
2024-09-14,Westbahnstudios,Unsafe+Sounds 2024 - Of Many Worlds - Yuko Araki,Festival,7,Yuko Araki,Unsafe+Sounds,"Vienna.ACTS, Verein zur Förderung von Kunst",MA7 | BMKöS,https://klingt.org/
2024-09-14,Westbahnstudios,Unsafe+Sounds 2024 - Of Many Worlds - Evicshen x Mariam Rezaei,Festival,7,Evicshen | Mariam Rezaei,Unsafe+Sounds,"Vienna.ACTS, Verein zur Förderung von Kunst",MA7 | BMKöS | SKE,https://klingt.org/
2023-06-10,Kunsttankstelle Ottakring,DE/SEMBLE - Come Play Me - Konzert,Festival,16,Duo Hofmaninger/Schwarz | Aylean | Klimentina Li,DE/SEMBLE,"Vienna.ACTS, Verein zur Förderung von Kunst",MA7 | BMKöS | SKE,https://www.de-semble.at/
2023-06-10,Ponyhof,DE/SEMBLE - Come Play Me - Afterparty,Festival/Club,15,[manuell rekonstruierbar],DE/SEMBLE,"Vienna.ACTS, Verein zur Förderung von Kunst",MA7 | BMKöS | SKE,https://www.de-semble.at/
2023-09-29,Theater Nestroyhof Hamakom,DE/SEMBLE - Play Date,Festival,2,Yvonne Moriel | Sweetlife Quartet | Klimentina Li | Damsel Elysium | Gischt,DE/SEMBLE,"Vienna.ACTS, Verein zur Förderung von Kunst",MA7 | BMKöS | SKE,https://www.de-semble.at/
2023-10-27,Reaktor,DE/SEMBLE - Playground 1.1,Festival,17,Alireza Toghiyan | Sofia Labropoulou | Anna Tsombanis | Adefris | Mona Matbou Riahi | Rdeča Raketa | Patrick K-H,DE/SEMBLE,"Vienna.ACTS, Verein zur Förderung von Kunst",MA7 | BMKöS | SKE,https://www.de-semble.at/
2023-10-28,Reaktor,DE/SEMBLE - Playground 1.2,Festival,17,Judith Ferstl | Avin Ahmadi | Morvarid Tahmasbi | Pamelia Stickney | Georg Vogel | FARCE | Beate Wiesinger | Viola Hammer,DE/SEMBLE,"Vienna.ACTS, Verein zur Förderung von Kunst",MA7 | BMKöS | SKE,https://www.de-semble.at/
2023-12-01,Reaktor,DE/SEMBLE - Players,Festival,17,Helēna Sorokina | Golnar Shahyar | Anja Obermayer | Ines Kolleritsch | Agnes Hvizdalek | Jakob Schneidewind,DE/SEMBLE,"Vienna.ACTS, Verein zur Förderung von Kunst",MA7 | BMKöS | SKE,https://www.de-semble.at/
2024-03-14,The Loft,DE/SEMBLE - Playroom,Festival,16,Victoria Kirilova | Viola Falb | Pink Oculus | Shahin Entezami | Behrang Najafi,DE/SEMBLE,"Vienna.ACTS, Verein zur Förderung von Kunst",MA7 | BMKöS | SKE,https://www.de-semble.at/
2024-04-20,Sargfabrik,DE/SEMBLE - Le Cri du Caire,Festival,14,Abdullah Miniawy | Peter Corser | Karsten Hochapfel,DE/SEMBLE,"Vienna.ACTS, Verein zur Förderung von Kunst",MA7 | BMKöS | SKE,https://www.de-semble.at/
2024-11-14,Reaktor,DE/SEMBLE Intl. Festival 2024 - Tag 1,Festival,17,Eyup Kuş | So Sner | Farida Amadou | Aquiles Navarro | Teresa Rotschopf Ensemble,DE/SEMBLE,"Vienna.ACTS, Verein zur Förderung von Kunst",MA7 | BMKöS | SKE,https://www.de-semble.at/
2024-11-15,Reaktor,DE/SEMBLE Intl. Festival 2024 - Tag 2,Festival,17,Eyup Kuş | Mamadou Diabaté | Nabou Clearhout | Lynn Cassiers | Dumama,DE/SEMBLE,"Vienna.ACTS, Verein zur Förderung von Kunst",MA7 | BMKöS | SKE,https://www.de-semble.at/
2024-11-16,Reaktor,DE/SEMBLE Intl. Festival 2024 - Tag 3,Festival,7,Eyup Kuş | GLAM | Azu Tiwaline | Cinna Peyghamy | Stemeseder | Lillinger,DE/SEMBLE,"Vienna.ACTS, Verein zur Förderung von Kunst",MA7 | BMKöS | SKE,https://www.de-semble.at/
2024-11-16,Tagada Club,DE/SEMBLE Intl. Festival 2024 - Afterparty,Festival/Club,16,Didi Kern | Philipp Quehenberger,DE/SEMBLE,"Vienna.ACTS, Verein zur Förderung von Kunst",MA7 | BMKöS | SKE,https://www.de-semble.at/
2025-06-20,Jazzclub ZWE,DE/SEMBLE - Yonglee & the DOLTANG,Konzert,2,Yonglee,DE/SEMBLE,"Vienna.ACTS, Verein zur Förderung von Kunst",MA7 | BMKöS | SKE,https://www.de-semble.at/
2025-10-09,Flucc,DE/SEMBLE Festival 2025 - Tag 1,Festival,2,Yvonne Moriel | Y-Otis | Dorian Concept | Lukas König,DE/SEMBLE,"Vienna.ACTS, Verein zur Förderung von Kunst",MA7 | BMKöS | SKE,https://www.de-semble.at/
2025-10-10,ORF Radiokulturhaus,DE/SEMBLE Festival 2025 - Tag 2,Festival,3,Yazz Ahmed Quartet,DE/SEMBLE,"Vienna.ACTS, Verein zur Förderung von Kunst",[nicht verifizierbar - vor IFG],https://www.de-semble.at/
2025-10-11,Bears in the Park,DE/SEMBLE Festival 2025 - Tag 3,Festival,11,Helene Glüxam | Daphna Horenczyk | Los Sara Fontan | Giggidalessio,DE/SEMBLE,"Vienna.ACTS, Verein zur Förderung von Kunst",MA7 | BMKöS,https://www.de-semble.at/
2025-10-12,Reaktor,DE/SEMBLE Festival 2025 - Tag 4,Festival,17,Park Jiha,DE/SEMBLE,"Vienna.ACTS, Verein zur Förderung von Kunst",MA7 | BMKöS,https://www.de-semble.at/
2024-04-24,Flucc,Augend&Addend - Still House Plants | Donna Candy | Hypermobile,Konzert,2,Still House Plants | Donna Candy | Hypermobile | Al,Augend&Addend,"AUGEND&ADDEND - Verein zur Förderung und Erweiterung
transformativer Klangräume und queerer Clubkultur",MA7 | BMKöS,https//augendaddend.bandcamp.com/
2025-10-15,Westbahnstudios,Augend&Addend - Ryong | Lintd | Yasmina Haddad,Konzert,7,Ryong | Lintd | Yasmina Haddad,Augend&Addend,"AUGEND&ADDEND - Verein zur Förderung und Erweiterung
transformativer Klangräume und queerer Clubkultur",MA7 | BMKöS,https//kupfticket.com/en/events/augendaddend-oct25
2022-04-06,Rhiz,Sonic Territories Extended 2022,Festival,8,Jakob Schauer|Rozi Mako|Chra|Selena Pommes|Subletvis|Tony Renaissance|Warrego Valles|Yuzu,id/l Agentur für Kunst und Kultur,id/l Agentur für Kunst und Kultur,MA7 | BMKöS,https://rhiz.wien/programm/event/sonic-territories-extended-2/
2022-06-30,Fabrik Seestadt,Sonic Territories Festival 2022 – Soundness,Festival,22,Electric Indigo|Kate Carr|Yuzu|Aho Ssan|Julia Just|Jakob Hütter|Jakob Schauer|Monocolor|Hüma Utku|Kenji Araki|Outer Allmende|Black Burst Sound Generator|Patrik Lechner,id/l Agentur für Kunst und Kultur,id/l Agentur für Kunst und Kultur,MA7 | BMKöS | ,https://www.musicaustria.at/sonic-territories-2022/
2023-04-21,Rhiz,Sonic Territories Extended 2023,Festival,8,Subletvis|Klimentina Li|Global Fyre|Innominepatrix|Hyperbauch|Nuphory,id/l Agentur für Kunst und Kultur,id/l Agentur für Kunst und Kultur,MA7 | BMKöS,https://www.sonic-territories.at/archive/
2023-08-18,Die Kleine Stadtfarm,Sonic Territories – Listening with Care 2023,Workshop/Konzert,22,Tomoko Sauvage|Julia Grillmayr|Christina Gruber|Sophia Rut|Mary Maggic|Karine Blanche|Paul Ebhart|Benjamin Tomasi|Daphne X,id/l Agentur für Kunst und Kultur,id/l Agentur für Kunst und Kultur,MA7 | BMKöS,https://esel.at/termin/120025/
2023-11-10,VHS Kulturgarage Seestadt,Sonic Territories Festival 2023 – From Liminal Attraction to Intra-action,Festival,22,Asuna|Magdalena Forster|Milena Georgieva|Vica Pacheco|Stefan Maier|Thea Soti|Andras_2020|Antonia XM|Klimentina Li|Emme|Laikka|Evita Manji|Martyyna|Tot Onyx|Sturmherta,id/l Agentur für Kunst und Kultur,id/l Agentur für Kunst und Kultur,MA7|Bezirkskultur Donaustadt|Wiener Volkshochschulen,https://esel.at/termin/121544
2024-11-12,VHS Kulturgarage Seestadt [+AIL+Rhiz+Minus Offspace+Polnisches Institut+Seestadt Studios+Semmelweisklinik+Studio Praxistest],Sonic Territories Festival 2024 – Breaking Free,Festival,22,Agnès M.|Monocolor|Andreas Lutz|Angry Blackmen|Antonina Nowacka|Asuna|Das Freie Energie Band|Hypercycle|MARAws|Yynona|James Welburn|SØS Gunver Ryberg|Sybil Montet|Zoë Mc Pherson|Alessandra Leone|TnC|Zbigniew Chojnacki|Claire Tolan|Lens Kühleitner|Olivia Hild|Rojin Sharafi|David Pridal,id/l Agentur für Kunst und Kultur,id/l Agentur für Kunst und Kultur,MA7 | BMKöS,https://www.sonic-territories.at/festival2024
2022-07-29,Vronihof,Circuit Fantôme – Temporada 1 (10 episodios),Konzertreihe,17,Daniel Teruggi|Luis Naón|Mario Mary|Philippe Mion|Pierre Henry|Sergey Khismatov|François Bayle|Christine Groult|Patrick K.-H.|Beatriz Ferreyra|Ksenia Bakhtina|Vera Bezrukova,Floating Sound Gallery Vienna,"Floating Sound Gallery Vienna,  Verein zur Förderung von Kunst und Kultur ",MA7 ,https://floatingsound.at/Circuit-Fantome
2023-06-02,Vronihof,Circuit Fantôme – Temporada 2 (episodios documentados),Konzertreihe,17,Anastasia Koroleva|Zeynep Sarıkartal|Todor Todoroff,Floating Sound Gallery Vienna,"Floating Sound Gallery Vienna,  Verein zur Förderung von Kunst und Kultur ",MA7 ,https://floatingsound.at/Circuit-Fantome-Koroleva_Sarikartal
2023-07-29,Vronihof,Circuit Fantôme – Temporada 3 Spatial Special,Konzert,17,François Bayle|Christine Groult|Daniel Teruggi|Patrick K.-H.|Zeynep Sarıkartal|Anne Germanique,Floating Sound Gallery Vienna,"Floating Sound Gallery Vienna,  Verein zur Förderung von Kunst und Kultur ",MA7 ,https://floatingsound.at/Circuit-Fantome-Spacial-Special
2024-02-23,Vronihof,Circuit Fantôme – Temporada 4 (episodios documentados),Konzertreihe,17,Patrick K.-H.|Daniel Teruggi|Christian Eloy|Watanabe Rui|Li Vivian|Sismann Valentin|Tu Yen-Hao,Floating Sound Gallery Vienna,"Floating Sound Gallery Vienna,  Verein zur Förderung von Kunst und Kultur ",MA7 ,https://floatingsound.at/Circuit-Fantome-Prelude-II
2022-01-09,Porgy & Bess,Jazzwerkstatt Wien – Die Strottern & Jazzwerkstatt,Konzert,1,Klemens Lendl|David Müller|Clemens Salesny|Martin Eberle|Martin Ptak|Peter Rom|Clemens Wenger|Bernd Satzinger|Lukas König,Jazzwerkstatt Wien,Jazzwerkstatt Wien,MA7 | BMKöS | SKE| AKM |Bezirk Alsergrund (9. Berzik),https://porgy.at/events/10722/
2022-09-17,Porgy & Bess,Jazzwerkstatt Wien – Festival 2022,Festival,1,[nicht dokumentiert],Jazzwerkstatt Wien,Jazzwerkstatt Wien,MA7 | BMKöS | SKE| AKM |Bezirk Alsergrund (9. Berzik),http://jazzwerkstatt.at/en/
2023-01-07,Porgy & Bess,Jazzwerkstatt Wien – Die Strottern & Jazzwerkstatt,Konzert,1,Klemens Lendl|David Müller|Clemens Salesny|Martin Eberle|Martin Ptak|Peter Rom|Clemens Wenger|Bernd Satzinger|Lukas König,Jazzwerkstatt Wien,Jazzwerkstatt Wien,MA7 | BMKöS | SKE| AKM |Bezirk Alsergrund (9. Berzik),https://www.porgy.at/events/11132/
2024-01-06,Porgy & Bess,Jazzwerkstatt Wien – Die Strottern (20 Jahre),Konzert,1,Klemens Lendl|David Müller|Clemens Salesny|Martin Eberle|Martin Ptak|Peter Rom|Clemens Wenger|Bernd Satzinger|Lukas König,Jazzwerkstatt Wien,Jazzwerkstatt Wien,MA7 | BMKöS | SKE| AKM |Bezirk Alsergrund (9. Berzik),https://www.porgy.at/events/11654/
2024-03-10,Porgy & Bess,Jazzwerkstatt Wien – 10 Acts à 10 Min,Konzert,1,Zsófia Boros|Astrid Wiesinger|Beate Wiesinger|Willi Landl|Max Gaier|Terrea,Jazzwerkstatt Wien,Jazzwerkstatt Wien,MA7 | BMKöS | SKE| AKM |Bezirk Alsergrund (9. Berzik),https://www.porgy.at/events/11875/
2024-04-11,Porgy & Bess,Jazzwerkstatt Wien – Embracing Shitstorm,Konzert/Performance,1,Kristin Gruber|Peter Rom|Clemens Wenger|Sixtus Preiss,Jazzwerkstatt Wien,Jazzwerkstatt Wien,MA7 | BMKöS | SKE| AKM |Bezirk Alsergrund (9. Berzik),http://jazzwerkstatt.at/en/
2024-09-17,Porgy & Bess,Jazzwerkstatt Wien – Festival 20° Aniversario,Festival,1,[nicht dokumentiert],Jazzwerkstatt Wien,Jazzwerkstatt Wien,MA7 | BMKöS | SKE| AKM |Bezirk Alsergrund (9. Berzik),http://jazzwerkstatt.at/en/
2024-12-30,Porgy & Bess,Jazzwerkstatt Wien – Konzert Jahreswechsel,Konzert,1,[nicht dokumentiert],Jazzwerkstatt Wien,Jazzwerkstatt Wien,MA7 | BMKöS | SKE| AKM |Bezirk Alsergrund (9. Berzik),http://jazzwerkstatt.at/en/
2024-06-26,Flucc|Theater Nestroyhof/Hamakom,NAWA Festival 2024 – 2ª Edición,Festival,2,Pouya Ehsaei|Mona Matbou Riahi|Rojin Sharafi|Omid Darvish|Álvaro Callao León|Mehdi Chamma|Nikolaus Holler|Amir Wahba|Björn Meyer|Misagh Joolaee|Mahan Mirarab|Kiran Ahluwalia|Rez Abbasi|Tara Mehrad|NAWA Orchestra,Mahan Mirarab,FAM Kulturverein,MA7 | BMKöS | SKE | AKM,https://schalltaucherin.com
2024-05-09,Celeste,Free Music Forum – Castelló / Hübsch / Vrba,Konzert | Konzertreihe,5,Angélica Castelló (paetzold/tapes) | Carl Ludwig Hübsch (tuba/voz) | Petr Vrba (trompeta/electrónica),Free Music Forum,Verein Free Music Forum,[nicht verifizierbar - vor IFG],https://freemusicforum.org/archive/
2024-06-18,WUK (Innenhof),Platzkonzerte 2024: Cilantro,Konzert | Open Air,9,Angélica Castelló (electronics/tapes) | Billy Roisz (bajo/electronics),BRUTTO (Rania Moslam / Lisa Kortschak / Gregor Mahnert),WUK – VEREIN ZUR SCHAFFUNG OFFENER KULTUR- UND WERKSTÄTTENHÄUSER,[nicht verifizierbar - vor IFG],https://www.wuk.at/programm/platzkonzerte-2024-cilantro/
2023-11-26,Odeon Theater, klingt.collective 'Estos Patos Locos',Konzert,2,Martin Brandlmayr (drums) | Angélica Castelló (paetzold/tapes) | dieb13 (turntables) | Klaus Filip (sinewaves) | Susanna Gartmayer (clarinete bajo) | noid (violonchelo) | Billy Roisz (bajo/electronics) | Martin Siewert (guitarra/electronics) | Oliver Stotz (guitarra/electronics),Wien Modern,"Wien Modern, Verein für neue Musik",MA7 |BMKöS | SKE | AKM,https://castello.klingt.org/concerts
2022-09-09,echoraum,Klangmanifeste 2022 – Tag IV,Festival | Klangkunst,15,Laura Mello | Saša Spačal | MS Mutt,Verein Klangmanifeste,Verein Klangmanifeste,BMKöS | SKE | Rudolfsheim Fünfhaus (15. Bezirk),https://klangmanifeste.klingt.org/2022/echoraum.html
2022-09-10,echoraum,Klangmanifeste 2022 – Tag V,Festival | Klangkunst,15,Gloria Amesbauer | Tahereh Nourani | Till Bovermann | Plectrum,Verein Klangmanifeste,Verein Klangmanifeste,BMKöS | SKE | Rudolfsheim Fünfhaus (15. Bezirk),https://klangmanifeste.klingt.org/2022/echoraum.html
2024-04-12,echoraum,Klangmanifeste 2024 – More than Networks (12.–19.04),Festival | Klangkunst,15,Klaus Erika Dietl | Mucho Pitchu | Stephanie Müller | Rundfunkorchestra | Ralf Schreiber | Pablo Torres Gómez | Thomas Grill | Ivar Roban Križić | Artemi-Maria Gioti | Peter Brandlmayr | Oliver Deutsch | Ulla Rauter | Stefan Voglsinger | Marina Poleukhina | Alexander Till | Thomas Nagl,Verein Klangmanifeste,Verein Klangmanifeste,BMKöS | SKE | Rudolfsheim Fünfhaus (15. Bezirk),https://echoraum.at/klangmanifeste-2024-more-than-networks/
2023-12-08,Theater am WERK,Jahresendzeitschokoladenhohlkörper 2023 – Tag 1,Festival | Kollektiv,1,Thomas Berghammer | Billy Roisz | Susanna Gartmayer | dieb13 | Didi Kern | Joan Laage | Christoph Punzmann | Florian Feit | Roy Culbertson | Lucas Henao Serna | Christine Gnigler | Maja Osojnik | Sara Zlanabitnig | Milena Georgieva | Eric Arn | Michael Fischer,XOK - Interessensgemeinschaft der experimentellen Musik- und Klangkunstszene Wiens,XOK - Interessensgemeinschaft der experimentellen Musik- und Klangkunstszene Wiens,MA7 |BMKöS | SKE,https://jahresendzeitschokoladenhohlkoerper.klingt.org/programm-2023/
2023-12-09,Theater am WERK,Jahresendzeitschokoladenhohlkörper 2023 – Tag 2,Festival | Kollektiv,1,Gloria Damijan | Gobi Drab | Klaus Haidl | Lis Kelvin | Meike Melinz | JUUN | Michael Zacherl | Veronika Mayer | C. Hausch | Isidora Edwards | Laura Pudelek | noid | Markus Liszt | David Pridal | Daphne von Schrader | Frederic Stritter | Fabian Lanzmaier | Gabriela Gordillo | Paul Gründorfer,XOK - Interessensgemeinschaft der experimentellen Musik- und Klangkunstszene Wiens,XOK - Interessensgemeinschaft der experimentellen Musik- und Klangkunstszene Wiens,MA7 |BMKöS | SKE,https://jahresendzeitschokoladenhohlkoerper.klingt.org/programm-2023/
2024-12-13,Theater am WERK,Jahresendzeitschokoladenhohlkörper 2024 – Tag 1,Festival | Kollektiv,1,Eric Arn | Gloria Damijan | Juun | Elisabeth Kelvin | Meike Melinz | Reni Weichselbaum | Jakob Schauer | noid | Michael Fischer | Daniel Lercher | Roy Culbertson | Lucas Henao Serna | Laura Pudelek | Gobi Drab | Klaus Haidl | Fabian Lanzmaier | Frederic Stritter | Paul Gründorfer | Gabriela Gordillo | Philip Leitner | Saleh Rozati | Eduardo Triviño Cely,XOK - Interessensgemeinschaft der experimentellen Musik- und Klangkunstszene Wiens,XOK - Interessensgemeinschaft der experimentellen Musik- und Klangkunstszene Wiens,MA7 |BMKöS | SKE,https://jahresendzeitschokoladenhohlkoerper.klingt.org/programm-2024/
2024-12-14,Theater am WERK,Jahresendzeitschokoladenhohlkörper 2024 – Tag 2,Festival | Kollektiv,1,Angélica Castelló | Christine Gnigler | Maja Osojnik | Matija Schellander | Sara Zlanabitnig | Thomas Berghammer | Susanna Gartmayer | Adele Knall | Didi Kern | Alexander J. Eberhard | Katharina Klement | Michael Zacherl | Ulla Rauter | Veronika Mayer | Stefan Voglsinger | Benjamin Tomasi | C. Leli Hausch | Daphne von Schrader | David Pridal | Je. Jesch | Markus Liszt | Sandro Nicolussi,XOK - Interessensgemeinschaft der experimentellen Musik- und Klangkunstszene Wiens,XOK - Interessensgemeinschaft der experimentellen Musik- und Klangkunstszene Wiens,MA7 |BMKöS | SKE,https://jahresendzeitschokoladenhohlkoerper.klingt.org/programm-2024/
2023-03-31,Pratersauna,"Struma+Iodine mit Hieroglyphic Being, Mama Snake, Tin Man, Altroy & Quehenberger",Clubnacht,2,Hieroglyphic Being|Mama Snake|Tin Man|Altroy|Quehenberger,Resonances+Transitions,Resonances+Transitions,[nicht verifizierbar - vor IFG],https//skug.at/e/strumaiodine-mit-hieroglyphic-being-mama-snake-tin-man-altroy-quehenberger/
2023-04-01,Pratersauna,"Struma+Iodine 10 Jahre – Buttechno, Spekki Webu, Elvin Brandhi u.a.",Clubnacht,2,Buttechno|Spekki Webu|Elvin Brandhi|Battle-Ax|Jung An Tagen|In My Talons|Alpha Tracks|Schirin|Isabella Forciniti|Gischt|Tintin Patrone|Nachtbote|DJ Jackhammer|DJ Warzone|Flower Crime,Resonances+Transitions,Resonances+Transitions,[nicht verifizierbar - vor IFG],https//skug.at/strumaiodine-das-programm-zur-10-jahres-feier-steht/
2023-02-06,Celeste,Monday Improvisers Session,Konzertreihe,5,Katharina Gartner|Johanna Forster|Elisabeth Flunger,Verein für experimentelle improvisierte Musik (VEIM),Verein für experimentelle improvisierte Musik (VEIM),[nicht verifizierbar - vor IFG],https://www.facebook.com/profile.php?id=100063885210456
2024-01-15,Celeste,Monday Improvisers Session,Konzertreihe,5,Didi Kern|Simon Rose|Marcin Morga,Verein für experimentelle improvisierte Musik (VEIM),Verein für experimentelle improvisierte Musik (VEIM),[nicht verifizierbar - vor IFG],https://www.facebook.com/profile.php?id=100063885210456
2025-01-27,Celeste,Monday Improvisers Session,Konzertreihe,5,Thomas Berghammer|Isabella Forciniti|Jakob Gnigler|Martin Brandlmayr,Verein für experimentelle improvisierte Musik (VEIM),Verein für experimentelle improvisierte Musik (VEIM),MA7,https://www.facebook.com/profile.php?id=100063885210456
2026-04-27,Celeste,Monday Improvisers Session,Konzertreihe,5,Antti Virtaranta|Sara Zlanabitnig|Didi Kern,Verein für experimentelle improvisierte Musik (VEIM),Verein für experimentelle improvisierte Musik (VEIM),MA7,https://www.facebook.com/profile.php?id=100063885210456
2023-02-24,Chateau Rouge,smallforms,Konzertreihe,12,Barbara Togander|Camila Nebbia|Joakim Rainer Petersen|Julia Just,small forms,small forms - Verein zur Förderung und Verbreitung von zeitgenössischen Musikformen,[nicht verifizierbar - vor IFG],http://www.smallforms.org
2024-06-15,Chateau Rouge,smallforms,Konzertreihe,12,Tyler Lewis|Simon Rose,small forms,small forms - Verein zur Förderung und Verbreitung von zeitgenössischen Musikformen,[nicht verifizierbar - vor IFG],http://www.smallforms.org
2025-04-26,Chateau Rouge,smallforms,Konzertreihe,12,Carola Zelaschi|Pete Prison IV|Alex Kranabetter,small forms,small forms - Verein zur Förderung und Verbreitung von zeitgenössischen Musikformen,MA7,http://www.smallforms.org
2026-03-14,Chateau Rouge,smallforms,Konzertreihe,12,Tin Man|Karo Preuschl|Chris Janka,small forms,small forms - Verein zur Förderung und Verbreitung von zeitgenössischen Musikformen,MA7,http://www.smallforms.org
2023-11-22,Theater am Werk,Der Blöde Dritte Mittwoch,Konzertreihe,1,Kasho Chualan|Kaspar Kuoppamaki,Verein für Kunstvermischung,Verein für Kunstvermischung,[nicht verifizierbar - vor IFG],https://www.schalltaucherin.com/archiv
2024-02-21,Theater am Werk,Der Blöde Dritte Mittwoch #157,Konzertreihe,1,Christina Ruf|Eric Arn,Verein für Kunstvermischung,Verein für Kunstvermischung,[nicht verifizierbar - vor IFG],https://www.schalltaucherin.com/archiv
2025-05-21,Theater am Werk,Der Blöde Dritte Mittwoch #148,Konzertreihe,1,Lithium|DEAE|Anna Vasof|kit cut|Verena Repar,Verein für Kunstvermischung,Verein für Kunstvermischung,MA7,https://bloedermittwoch.klingt.org/chronik/
2026-04-21,Echoraum,Der Blöde Dritte Mittwoch,Konzertreihe,15,Sylvia Bruckner|Franz Hautzinger|Oleg Soulimenko|Jonah Parzen-Johnson|Lau Nau,Verein für Kunstvermischung,Verein für Kunstvermischung,MA7,https://bloedermittwoch.klingt.org/chronik/
2023-06-02,Studio Eberhard,On the Couch #83 – Eberhard/Friedl,Konzertreihe,3,Alexander J. Eberhard|Reinhold Friedl,Kulturverein On the Couch – zur Förderung von Kunst und Kultur in der Gesellschaft,Kulturverein On the Couch – zur Förderung von Kunst und Kultur in der Gesellschaft,[nicht verifizierbar - vor IFG],https://eberhard.klingt.org/projekte/on-the-couch/
2024-05-02,Studio Eberhard,On the Couch #95 – Eberhard/Fheodoroff,Konzertreihe,3,Isabelle Eberhard|Daniela Fheodoroff,Kulturverein On the Couch – zur Förderung von Kunst und Kultur in der Gesellschaft,Kulturverein On the Couch – zur Förderung von Kunst und Kultur in der Gesellschaft,[nicht verifizierbar - vor IFG],https://eberhard.klingt.org/projekte/on-the-couch/
2025-09-20,Studio Eberhard,On the Couch #109 – Eberhard/Gross/Herbert,Konzertreihe,3,Alexander J. Eberhard|Igor Gross|Peter Herbert,Kulturverein On the Couch – zur Förderung von Kunst und Kultur in der Gesellschaft,Kulturverein On the Couch – zur Förderung von Kunst und Kultur in der Gesellschaft,MA7,https://eberhard.klingt.org/projekte/on-the-couch/
2026-04-22,Studio Eberhard,On the Couch #116 – Paul/Lefèbvre,Konzertreihe,3,Héloise Lefèbvre|Susanne Paul,Kulturverein On the Couch – zur Förderung von Kunst und Kultur in der Gesellschaft,Kulturverein On the Couch – zur Förderung von Kunst und Kultur in der Gesellschaft,MA7,https://eberhard.klingt.org/projekte/on-the-couch/
2023-05-09,Studio Molière,SUENA Festival 2023 – PLURAL – Inauguración / Schallfeld Ensemble,Festival,9,Schallfeld Ensemble,SUENA,SUENA - Verein zur Förderung und Verbreitung neuer Musik,MA7 |BMKöS | SKE ,https://www.suena.at
2023-05-10,Studio Molière,SUENA Festival 2023 – andother stage: Assemble I want to sing,Festival,9,andother stage,SUENA,SUENA - Verein zur Förderung und Verbreitung neuer Musik,MA7 |BMKöS | SKE ,https://www.suena.at
2023-05-11,Studio Molière,SUENA Festival 2023 – SIGMA Project Quartet,Festival,9,SIGMA Project Quartet,SUENA,SUENA - Verein zur Förderung und Verbreitung neuer Musik,MA7 |BMKöS | SKE ,https://www.suena.at
2023-05-12,Reaktor,SUENA Festival 2023 – Platypus Ensemble,Festival,17,Platypus Ensemble,SUENA,SUENA - Verein zur Förderung und Verbreitung neuer Musik,MA7 |BMKöS | SKE ,https://www.suena.at
2024-04-25,Studio Molière,SUENA Festival 2024 – PHACE: Tratado de lo inasibl,Festival,9,PHACE,SUENA,SUENA - Verein zur Förderung und Verbreitung neuer Musik,MA7 |BMKöS | SKE ,https://www.suena.at
2024-04-26,Alte Schmiede,SUENA Festival 2024 – Myriam Garcia Fidalgo: Emptying the body,Festival,1,Myriam Garcia Fidalgo,SUENA,SUENA - Verein zur Förderung und Verbreitung neuer Musik,MA7 |BMKöS | SKE ,https://www.suena.at
2024-04-27,Future Art Lab MDW,SUENA Festival 2024 – Concierto MDW + José Luis Besada,Festival,3,José Luis Besada,SUENA,SUENA - Verein zur Förderung und Verbreitung neuer Musik,MA7 |BMKöS | SKE ,https://www.suena.at
2024-04-28,Kaisersaal,SUENA Festival 2024 – ARGO: Tan ahora allí,Festival,7,ARGO,SUENA,SUENA - Verein zur Förderung und Verbreitung neuer Musik,MA7 |BMKöS | SKE ,https://www.suena.at
2024-05-02,Echoraum,SUENA Festival 2024 – Álvaro Collao León: Límite,Festival,15,Álvaro Collao León,SUENA,SUENA - Verein zur Förderung und Verbreitung neuer Musik,MA7 |BMKöS | SKE ,https://www.suena.at
2024-05-03,Studio Molière,SUENA Festival 2024 – Trio Feedback / Dimitrios Polisoidis: Spherae,Festival,9,Trio Feedback|Dimitrios Polisoidis,SUENA,SUENA - Verein zur Förderung und Verbreitung neuer Musik,MA7 |BMKöS | SKE ,https://www.suena.at
2025-05-07,Reaktor,SUENA Festival 2025 – Musikfabrik: Blechblasparty,Festival,17,Musikfabrik,SUENA,SUENA - Verein zur Förderung und Verbreitung neuer Musik,MA7 |BMKöS | SKE ,https://www.suena.at
2025-05-09,Echoraum,SUENA Festival 2025 – PPCM Instrumental: Erinnerungsspuren,Festival,15,PPCM Instrumental,SUENA,SUENA - Verein zur Förderung und Verbreitung neuer Musik,MA7 |BMKöS | SKE ,https://www.suena.at
2025-05-10,Sociedad Austro-Portuguesa,SUENA Festival 2025 – Juan Moreda + Sur Editores,Festival,8,Juan Moreda,SUENA,SUENA - Verein zur Förderung und Verbreitung neuer Musik,MA7 |BMKöS | SKE ,https://www.suena.at
2025-05-11,Future Art Lab MDW,SUENA Festival 2025 – MDW Ensemble Konstellationen: Materia oscura,Festival,3,MDW Ensemble Konstellationen,SUENA,SUENA - Verein zur Förderung und Verbreitung neuer Musik,MA7 |BMKöS | SKE ,https://www.suena.at
2025-05-11,St. Ruprecht,SUENA Festival 2025 – Between Feathers: more sweetly forgot,Festival,1,Between Feathers,SUENA,SUENA - Verein zur Förderung und Verbreitung neuer Musik,MA7 |BMKöS | SKE ,https://www.suena.at
2025-05-12,Kaisersaal,SUENA Festival 2025 – Lab51: GOT LOST,Festival,7,Lab51,SUENA,SUENA - Verein zur Förderung und Verbreitung neuer Musik,MA7 |BMKöS | SKE ,https://www.suena.at
2025-05-13,Reaktor,SUENA Festival 2025 – Cantando Admont: War dies die Erinnerung?,Festival,17,Cantando Admont,SUENA,SUENA - Verein zur Förderung und Verbreitung neuer Musik,MA7 |BMKöS | SKE ,https://www.suena.at
2022-05-21,Rhiz,Augend&Addend,Clubnacht,8,MYEN|Andras_2020|Lukas Becker|sch4tz1|KoiFin|MARAws,AUGEND&ADDEND,AUGEND&ADDEND - Verein zur Förderung und Erweiterung transformativer Klangräume und queerer Clubkultur,MA7,https://www.instagram.com/augendaddend
2023-11-23,Venster99,Augend&Addend x Struma+Iodine,Konzert,16,S280F|Florence Sinclair|Rắn Cạp Đuôi|Rent,AUGEND&ADDEND|Struma+Iodine,AUGEND&ADDEND - Verein zur Förderung und Erweiterung transformativer Klangräume und queerer Clubkultur,MA7,https://www.instagram.com/augendaddend
2024-04-24,Flucc,Augend&Addend – Equation Echo,Clubnacht,2,Odete|Ãssia Ghendir|Lou Vives|Yasmina Haddad|Home|Winonah|Bogland|Maraws|Oblate,AUGEND&ADDEND,AUGEND&ADDEND - Verein zur Förderung und Erweiterung transformativer Klangräume und queerer Clubkultur,MA7,https://www.instagram.com/augendaddend
2025-12-05,Das Weisse Haus,Augend&Addend x Spice Mixers – James Massiah,Konzert/Club,1,James Massiah|XEXA|Tonica Hunter|মm.|Mara Never|Mursal,AUGEND&ADDEND|Spice Mixers,AUGEND&ADDEND - Verein zur Förderung und Erweiterung transformativer Klangräume und queerer Clubkultur,MA7,https://www.instagram.com/augendaddend
2022-06-18,Vekks,Kinky Muppet @ Vekks,Konzert,12,Katrin Plavčak|Nicholas Hoffmann|Oliver Stotz,Vekks,Verein zur Erweiterung des kulturellen und künstlerischen Spektrums,[nicht verifizierbar - vor IFG],https://www.vekks.com/aktuell
2023-11-07,Vekks,Rosilio/do Mar/Gnigler/Duit,Konzert,12,Maria do Mar|Jakob Gnigler|Yoram Rosilio|Valentin Duit,Vekks,Verein zur Erweiterung des kulturellen und künstlerischen Spektrums,[nicht verifizierbar - vor IFG],https://klingt.org
2024-10-16,Vekks,Berghammer Babikov Moser,Konzert,12,Thomas Berghammer|Alexander Babikov|Moser,Vekks,Verein zur Erweiterung des kulturellen und künstlerischen Spektrums,[nicht verifizierbar - vor IFG],https://klingt.org
2025-01-15,Vekks,Amorphq at Vekks,Konzert,12,PhoLo0|Benjamin Whitehill|Moo17|.pK,amorphq|Vekks,Verein zur Erweiterung des kulturellen und künstlerischen Spektrums,MA7 (Musikbeirat 2026),https://www.vekks.com/aktuell
2026-01-04,Vekks,Tetrao Tetrix – 3 Solos,Konzert,12,Gaudenz Badrutt|Jean-Luc Guionnet|Frantz Loriot,Vekks,Verein zur Erweiterung des kulturellen und künstlerischen Spektrums,MA7 (Musikbeirat 2026),https://www.vekks.com/aktuell
2026-04-25,Vekks,Jarret / Johansson / von Martens / David Kovacs,Konzert,12,Jarret|Johansson|von Martens|David Kovacs,Vekks,Verein zur Erweiterung des kulturellen und künstlerischen Spektrums,MA7 (Musikbeirat 2026),https://www.vekks.com/aktuell
